ID,Percentage
CONTROL01_DCHA,95.0
CONTROL01_IZDA,95.0
CONTROL02_DCHA,95.0
CONTROL02_IZDA,95.0
CONTROL03_IZDA,95.0
CONTROL04_DCHA,95.0
CONTROL04_IZDA,95.0
CONTROL05_DCHA,95.0
CONTROL05_IZDA,95.0
CONTROL06_DCHA,95.0
CONTROL06_IZDA,95.0
CONTROL07_DCHA,95.0
CONTROL07_IZDA,95.0
CONTROL08_DCHA,95.0
CONTROL08_IZDA,95.0
CONTROL09_DCHA,95.0
CONTROL09_IZDA,95.0
CONTROL10_DCHA,95.0
CONTROL10_IZDA,95.0
CONTROL1000_DCHA,95.0
CONTROL1000_IZDA,95.0
CONTROL1002_DCHA,95.0
CONTROL1002_IZDA,95.0
CONTROL101_DCHA,95.0
CONTROL101_IZDA,95.0
CONTROL102_DCHA,95.0
CONTROL102_IZDA,95.0
CONTROL103_DCHA,95.0
CONTROL103_IZDA,95.0
CONTROL104_DCHA,95.0
CONTROL104_IZDA,95.0
CONTROL105_DCHA,95.0
CONTROL105_IZDA,95.0
CONTROL106_DCHA,95.0
CONTROL106_IZDA,95.0
CONTROL107_DCHA,95.0
CONTROL107_IZDA,95.0
CONTROL108_DCHA,95.0
CONTROL108_IZDA,95.0
CONTROL109_DCHA,95.0
CONTROL109_IZDA,95.0
CONTROL11_DCHA,95.0
CONTROL11_IZDA,95.0
CONTROL110_DCHA,95.0
CONTROL110_IZDA,95.0
CONTROL12_DCHA,95.0
CONTROL12_IZDA,95.0
CONTROL13_DCHA,95.0
CONTROL13_IZDA,95.0
CONTROL14_DCHA,95.0
CONTROL14_IZDA,95.0
CONTROL15_DCHA,95.0
CONTROL15_IZDA,95.0
CONTROL16_DCHA,95.0
CONTROL16_IZDA,95.0
CONTROL17_DCHA,95.0
CONTROL17_IZDA,95.0
CONTROL18_DCHA,95.0
CONTROL18_IZDA,95.0
CONTROL19_DCHA,95.0
CONTROL20_DCHA,95.0
CONTROL20_IZDA,95.0
CONTROL21_DCHA,95.0
CONTROL21_IZDA,95.0
CONTROL22_DCHA,95.0
CONTROL22_IZDA,95.0
CONTROL23_DCHA,95.0
CONTROL23_IZDA,95.0
CONTROL24_DCHA,95.0
CONTROL24_IZDA,95.0
CONTROL25_DCHA,95.0
CONTROL25_IZDA,95.0
CONTROL995_DCHA,95.0
CONTROL995_IZDA,95.0
CONTROL996_DCHA,95.0
CONTROL996_IZDA,95.0
CONTROL997_DCHA,95.0
CONTROL997_IZDA,95.0
CONTROL998_DCHA,95.0
CONTROL998_IZDA,95.0
CONTROL999_DCHA,95.0
CONTROL999_IZDA,95.0
ID01_DCHA,95.0
ID01_IZDA,95.0
ID08_DCHA,95.0
ID08_IZDA,95.0
ID1000_DCHA,95.0
ID1000_IZDA,95.0
ID1001_IZDA,95.0
ID1002_DCHA,95.0
ID1002_IZDA,95.0
ID1003_DCHA,95.0
ID1003_IZDA,95.0
ID1004_DCHA,95.0
ID1004_IZDA,95.0
ID101_IZDA,95.0
ID102_DCHA,95.0
ID102_IZDA,95.0
ID103_DCHA,95.0
ID103_IZDA,95.0
ID104_DCHA,95.0
ID104_IZDA,95.0
ID105_DCHA,95.0
ID105_IZDA,95.0
ID106_DCHA,95.0
ID106_IZDA,95.0
ID107_IZDA,95.0
ID108_DCHA,95.0
ID108_IZDA,95.0
ID109_DCHA,95.0
ID109_IZDA,95.0
ID11_DCHA,95.0
ID11_IZDA,95.0
ID110_DCHA,95.0
ID110_IZDA,95.0
ID111_DCHA,95.0
ID111_IZDA,95.0
ID112_DCHA,95.0
ID112_IZDA,95.0
ID114_DCHA,95.0
ID114_IZDA,95.0
ID115_DCHA,95.0
ID115_IZDA,95.0
ID116_DCHA,95.0
ID116_IZDA,95.0
ID117_DCHA,95.0
ID117_IZDA,95.0
ID118_DCHA,95.0
ID118_IZDA,95.0
ID119_DCHA,95.0
ID119_IZDA,95.0
ID120_DCHA,95.0
ID120_IZDA,95.0
ID121_DCHA,95.0
ID121_IZDA,95.0
ID122_DCHA,95.0
ID122_IZDA,95.0
ID123_DCHA,95.0
ID123_IZDA,95.0
ID124_DCHA,95.0
ID124_IZDA,95.0
ID125_DCHA,95.0
ID125_IZDA,95.0
ID126_IZDA,95.0
ID127_DCHA,95.0
ID127_IZDA,95.0
ID22_DCHA,95.0
ID22_IZDA,95.0
ID23_DCHA,95.0
ID23_IZDA,95.0
ID25_DCHA,95.0
ID25_IZDA,95.0
ID26_DCHA,95.0
ID26_IZDA,95.0
ID27_DCHA,95.0
ID27_IZDA,95.0
ID29_DCHA,95.0
ID29_IZDA,95.0
ID30_DCHA,95.0
ID30_IZDA,95.0
ID32_DCHA,95.0
ID32_IZDA,95.0
ID36_DCHA,95.0
ID36_IZDA,95.0
ID40_DCHA,95.0
ID40_IZDA,95.0
ID43_IZDA,95.0
ID44_DCHA,95.0
ID44_IZDA,95.0
ID50_DCHA,95.0
ID50_IZDA,95.0
ID981_DCHA,95.0
ID981_IZDA,95.0
ID982_DCHA,95.0
ID982_IZDA,95.0
ID983_DCHA,95.0
ID983_IZDA,95.0
ID984_DCHA,95.0
ID984_IZDA,95.0
ID985_DCHA,95.0
ID985_IZDA,95.0
ID986_DCHA,95.0
ID986_IZDA,95.0
ID987_DCHA,95.0
ID987_IZDA,95.0
ID988_DCHA,95.0
ID989_DCHA,95.0
ID990_DCHA,95.0
ID990_IZDA,95.0
ID991_DCHA,95.0
ID991_IZDA,95.0
ID992_DCHA,95.0
ID992_IZDA,95.0
ID993_DCHA,95.0
ID993_IZDA,95.0
ID994_DCHA,95.0
ID994_IZDA,95.0
ID996_DCHA,95.0
ID996_IZDA,95.0
ID997_DCHA,95.0
ID997_IZDA,95.0
ID998_DCHA,95.0
ID998_IZDA,95.0
ID999_DCHA,95.0
ID999_IZDA,95.0
ID9992_DCHA,95.0
ID9992_IZDA,95.0
ID9993_DCHA,95.0
ID9993_IZDA,95.0
ID9994_DCHA,95.0
ID9994_IZDA,95.0
ID9995_DCHA,95.0
ID9995_IZDA,95.0
ID9996_DCHA,95.0
ID9996_IZDA,95.0
ID9997_DCHA,95.0
ID9997_IZDA,95.0
ID9998_DCHA,95.0
ID9998_IZDA,95.0
ID9999_DCHA,95.0
ID9999_IZDA,95.0
CONTROL998_DCHA_aug0_001,95.0
CONTROL14_DCHA_aug0_002,95.0
CONTROL103_DCHA_aug0_003,95.0
CONTROL13_DCHA_aug0_004,95.0
CONTROL01_DCHA_aug0_005,95.0
CONTROL108_DCHA_aug0_006,95.0
CONTROL01_DCHA_aug0_007,95.0
ID997_DCHA_aug0_008,95.0
CONTROL103_DCHA_aug0_009,95.0
CONTROL22_DCHA_aug0_010,95.0
ID01_IZDA_aug0_011,95.0
CONTROL07_IZDA_aug0_012,95.0
CONTROL998_IZDA_aug0_013,95.0
ID982_IZDA_aug0_014,95.0
CONTROL107_DCHA_aug0_015,95.0
CONTROL21_DCHA_aug0_016,95.0
CONTROL995_DCHA_aug0_017,95.0
CONTROL995_IZDA_aug0_018,95.0
CONTROL999_DCHA_aug0_019,95.0
CONTROL09_IZDA_aug0_020,95.0
CONTROL18_DCHA_aug0_021,95.0
CONTROL108_DCHA_aug0_022,95.0
CONTROL106_IZDA_aug0_023,95.0
CONTROL13_DCHA_aug0_024,95.0
ID30_DCHA_aug0_025,95.0
CONTROL15_IZDA_aug0_026,95.0
CONTROL21_DCHA_aug0_027,95.0
CONTROL09_DCHA_aug0_028,95.0
CONTROL999_IZDA_aug0_029,95.0
CONTROL21_IZDA_aug0_030,95.0
CONTROL105_IZDA_aug0_031,95.0
CONTROL101_DCHA_aug0_032,95.0
CONTROL11_DCHA_aug1_001,95.0
ID27_IZDA_aug1_002,95.0
CONTROL03_IZDA_aug1_003,95.0
ID102_IZDA_aug1_004,95.0
ID117_IZDA_aug2_001,95.0
ID123_IZDA_aug2_002,95.0
ID115_IZDA_aug2_003,95.0
ID987_IZDA_aug2_004,95.0
ID40_DCHA_aug2_005,95.0
ID984_IZDA_aug2_006,95.0
ID987_IZDA_aug2_007,95.0
ID23_DCHA_aug2_008,95.0
ID9995_IZDA_aug2_009,95.0
ID08_IZDA_aug2_010,95.0
ID9994_DCHA_aug2_011,95.0
ID50_DCHA_aug2_012,95.0
ID08_IZDA_aug2_013,95.0
ID986_IZDA_aug2_014,95.0
ID9998_IZDA_aug2_015,95.0
ID986_IZDA_aug2_016,95.0
ID115_IZDA_aug2_017,95.0
ID9994_DCHA_aug2_018,95.0
ID08_IZDA_aug2_019,95.0
ID126_IZDA_aug2_020,95.0
ID40_DCHA_aug2_021,95.0
ID40_DCHA_aug2_022,95.0
ID9995_IZDA_aug2_023,95.0
ID9994_DCHA_aug2_024,95.0
ID43_IZDA_aug2_025,95.0
ID987_IZDA_aug2_026,95.0
ID984_IZDA_aug2_027,95.0
ID984_IZDA_aug2_028,95.0
ID9994_DCHA_aug2_029,95.0
ID08_IZDA_aug2_030,95.0
ID999_DCHA_aug2_031,95.0
ID987_DCHA_aug2_032,95.0
ID986_IZDA_aug2_033,95.0
ID990_IZDA_aug2_034,95.0
ID115_DCHA_aug2_035,95.0
ID114_IZDA_aug2_036,95.0
ID23_DCHA_aug2_037,95.0
ID999_DCHA_aug2_038,95.0
ID123_IZDA_aug2_039,95.0
ID123_IZDA_aug2_040,95.0
ID987_DCHA_aug2_041,95.0
ID120_IZDA_aug2_042,95.0
ID114_IZDA_aug2_043,95.0
ID9998_IZDA_aug2_044,95.0
ID50_DCHA_aug2_045,95.0
ID9995_IZDA_aug2_046,95.0
ID999_IZDA_aug2_047,95.0
ID50_DCHA_aug2_048,95.0
ID124_IZDA_aug2_049,95.0
ID126_IZDA_aug2_050,95.0
ID9998_IZDA_aug2_051,95.0
ID127_IZDA_aug2_052,95.0
ID117_IZDA_aug2_053,95.0
ID50_DCHA_aug2_054,95.0
ID987_DCHA_aug2_055,95.0
ID120_IZDA_aug2_056,95.0
ID23_DCHA_aug2_057,95.0
ID987_DCHA_aug2_058,95.0
ID984_IZDA_aug2_059,95.0
ID22_DCHA_aug2_060,95.0
ID120_IZDA_aug2_061,95.0
ID115_DCHA_aug2_062,95.0
ID22_DCHA_aug2_063,95.0
ID124_IZDA_aug2_064,95.0
ID987_IZDA_aug2_065,95.0
ID990_IZDA_aug2_066,95.0
ID9992_DCHA_aug3_001,95.0
ID109_IZDA_aug3_002,95.0
ID1000_IZDA_aug3_003,95.0
ID984_DCHA_aug3_004,95.0
ID9999_IZDA_aug3_005,95.0
ID1000_IZDA_aug3_006,95.0
ID9992_IZDA_aug3_007,95.0
ID124_DCHA_aug3_008,95.0
ID9999_IZDA_aug3_009,95.0
ID119_IZDA_aug3_010,95.0
ID9992_DCHA_aug3_011,95.0
ID9996_IZDA_aug3_012,95.0
ID9996_DCHA_aug3_013,95.0
ID9996_IZDA_aug3_014,95.0
ID9997_IZDA_aug3_015,95.0
ID9992_DCHA_aug3_016,95.0
ID9998_DCHA_aug3_017,95.0
ID110_IZDA_aug3_018,95.0
ID119_IZDA_aug3_019,95.0
ID989_DCHA_aug3_020,95.0
ID25_IZDA_aug3_021,95.0
ID9998_DCHA_aug3_022,95.0
ID111_IZDA_aug3_023,95.0
ID9999_IZDA_aug3_024,95.0
ID9996_DCHA_aug3_025,95.0
ID1000_IZDA_aug3_026,95.0
ID111_IZDA_aug3_027,95.0
ID124_DCHA_aug3_028,95.0
ID9998_DCHA_aug3_029,95.0
ID9996_IZDA_aug3_030,95.0
ID9998_DCHA_aug3_031,95.0
ID109_IZDA_aug3_032,95.0
ID119_IZDA_aug3_033,95.0
ID988_DCHA_aug3_034,95.0
ID9998_DCHA_aug3_035,95.0
ID988_DCHA_aug3_036,95.0
ID119_IZDA_aug3_037,95.0
ID9996_IZDA_aug3_038,95.0
ID110_DCHA_aug3_039,95.0
ID110_DCHA_aug3_040,95.0
ID1000_IZDA_aug3_041,95.0
ID9996_IZDA_aug3_042,95.0
ID984_DCHA_aug3_043,95.0
ID9999_DCHA_aug3_044,95.0
ID9998_DCHA_aug3_045,95.0
ID119_DCHA_aug3_046,95.0
ID9992_DCHA_aug3_047,95.0
ID9993_IZDA_aug3_048,95.0
ID9999_DCHA_aug3_049,95.0
ID9999_IZDA_aug3_050,95.0
ID109_IZDA_aug3_051,95.0
ID111_IZDA_aug3_052,95.0
ID984_DCHA_aug3_053,95.0
ID25_IZDA_aug3_054,95.0
ID9997_DCHA_aug3_055,95.0
ID9992_DCHA_aug3_056,95.0
ID984_DCHA_aug3_057,95.0
ID110_IZDA_aug3_058,95.0
ID9992_DCHA_aug3_059,95.0
ID9997_IZDA_aug3_060,95.0
ID9997_DCHA_aug3_061,95.0
ID119_DCHA_aug3_062,95.0
ID25_IZDA_aug3_063,95.0
ID111_IZDA_aug3_064,95.0
ID111_IZDA_aug3_065,95.0
ID9997_IZDA_aug3_066,95.0
ID9999_DCHA_aug3_067,95.0
ID124_DCHA_aug3_068,95.0
ID110_IZDA_aug3_069,95.0
ID25_DCHA_aug3_070,95.0
ID25_IZDA_aug3_071,95.0
ID25_IZDA_aug3_072,95.0
ID110_DCHA_aug3_073,95.0
ID119_IZDA_aug3_074,95.0
ID9999_IZDA_aug3_075,95.0
ID9997_DCHA_aug3_076,95.0
ID124_DCHA_aug3_077,95.0
