DISTANCE_ANG,SMOOTHED_AMPLITUDE,VELOCITY,ACCELERATION,FREQUENCY
0.06422699510777258,0.11272433277440712,0.0,0.0,0.0
0.061394264746013456,0.11272433277440712,0.0,0.0,0.0
0.06095188360143889,0.11198974766647718,-0.01101877661894908,-0.16528164928423622,0.0
0.053723750265573855,0.12096303098606666,0.1345992497938422,2.184270396191869,0.0
0.06013209868593942,0.2739756232764021,2.2951888843550323,32.40884451841785,0.0
0.3728525473441022,0.5298055347047524,3.8374486714252547,23.133896806053336,0.0
0.6912519696048042,0.8005645143067394,4.061384694029804,3.3590403390682355,0.0
0.762692983582263,0.9300549641398629,1.9423567474968528,-31.785419197994262,0.0
0.7912922635776838,0.9022964645930637,-0.41637749320198814,-35.38101361048262,0.0
0.5946973652774648,0.6336632902605771,-4.0294976149872985,-54.196801826779655,0.0
0.08300363998699603,0.3690994354836193,-3.968457821654367,0.9155968999939712,0.0
0.08531103369334685,0.16202853988595758,-3.1060634339649256,12.935915815341623,0.0
0.11290650982498204,0.17019781299365108,0.12253909661540247,48.429037958704924,0.0
0.09116214339145884,0.32226038570410215,2.280938590656766,32.375992410620455,0.0
0.4307417551592515,0.5339321614276956,3.175076635853902,13.412070677957042,0.0
0.5824989245564361,0.808672670349547,4.121107633827771,14.190464969608032,0.0
0.8158148638638958,0.9329384244805387,1.8639863119648743,-33.856819827943454,1.6666666666666667
0.8359415734643068,0.9320774248983206,-0.012914993733271207,-28.153519585472186,0.0
0.6043622453268913,0.7169893170808793,-3.2263216172616187,-48.20109935292521,0.0
0.21313421398935634,0.42459097249024186,-4.385975168859562,-17.39480327396915,0.0
0.0767221606667777,0.25488534425639553,-2.545584423507695,27.605861180278005,0.0
0.14733374723897155,0.4371636987257767,2.7341753170407177,79.19639610822618,0.0
0.6630866286413445,0.7378825244166364,4.510782385362895,26.649106024832662,0.0
0.7360507082506358,0.963232864343126,3.380255098897345,-16.957909296983253,0.0
0.8323214613962031,0.9664538758511488,0.048315172620341795,-49.97909889415505,1.8749999999999996
0.7008367818137106,0.8113313659038175,-2.32683764920997,-35.627292327454676,0.0
0.3447707205412099,0.5686394566234058,-3.640378639206176,-19.70311484994309,0.0
0.1300163898267508,0.33188650508733997,-3.551294273040987,1.336265492477835,0.0
0.11605537660606527,0.27552409440999914,-0.8454361601601124,40.58787169321312,0.0
0.24541595444321487,0.5344007896645123,3.883150428817698,70.92879883466716,0.0
0.8120089850755968,0.7987120009293438,3.964668168972472,1.222766102321613,0.0
0.7389270240822489,1.000275030528188,3.0234454439826632,-14.118340874847133,2.1428571428571446
0.8568008175493222,0.9864278526689803,-0.20770766788811623,-48.467296678061686,0.0
0.830280605308655,0.9333703663888295,-0.7958622942022608,-8.822319394712169,0.0
0.6003857617020925,0.6493244048481058,-4.260689423110856,-51.972406933628925,0.0
0.08318845572935883,0.367382503671385,-4.229128517650813,0.4734135819006413,0.0
0.09046491838348208,0.2058982816470569,-2.4222633303649213,27.10297780928838,0.0
0.1936234779290334,0.46040766015725393,3.817640677652956,93.59856012026816,0.0
0.6606168310941707,0.7288530426231095,4.026680736987833,3.1356008900231602,0.0
0.7082175923491276,0.927812808295096,2.984396485079799,-15.634263778620516,1.874999999999999
0.7562541024011236,0.8833138670192794,-0.6674841191372499,-54.77820906325573,0.0
0.5562565554313038,0.8821212414502844,-0.017889383534925307,9.74392103403487,0.0
0.7807398513832108,0.630914466125927,-3.7681016298653596,-56.25318369495651,0.0
0.078914633805326,0.4270335924554655,-3.058213105056923,10.648327872126549,0.0
0.10283837904961159,0.16411837194186626,-3.943728307703989,-13.282728039705992,0.0
0.09330157662082394,0.40771562583550547,3.653958808404588,113.96530674162867,0.0
0.6828893527148985,0.7133581516174418,4.584637886729045,13.960186174866852,0.0
0.8744753696600356,0.9957407946603768,4.235739645644026,-5.2334736162752815,0.0
0.8254151528415599,1.0262015152407018,0.4569108087048751,-56.682432554087264,1.6666666666666665
0.8346865812293456,0.8685603620725336,-2.3646172975225226,-42.32292159341097,0.0
0.39913922002967145,0.6838984655983339,-2.769928447112996,-6.079667243857103,0.0
0.2097221755245365,0.4164499629335765,-4.011727539971361,-18.626986392875466,0.0
0.1207499712652174,0.3360734227560232,-1.2056481026632995,42.09119155962092,0.0
0.23241539961483146,0.46053601279030176,1.8669388505141784,46.088804297662165,0.0
0.5999567731375333,0.6941863022581715,3.5047543420180456,24.567232372558006,0.0
0.7046345690214904,0.8705439342965793,2.6453644805761174,-12.890847921628923,2.1428571428571446
0.7029949873764538,0.7538951479424135,-1.7497317953124865,-65.92644413832906,0.0
0.22974888776957883,0.6196434899401259,-2.013774870034315,-3.960646120827428,0.0
0.3192100353982364,0.6366184358788877,0.25462418908142714,34.02598588673613,0.0
0.7360585988908849,0.8064584273320129,2.5475998717968786,34.39463524073177,0.0
0.8088463252503663,0.9914314719864926,2.774595669817196,3.4049369703047616,2.9999999999999987
0.8574405560999853,0.8263068349464003,-2.476869555601384,-78.7719783812787,0.0
0.28102127214045514,0.578379260639477,-3.7189136146038506,-18.630660885036995,0.0
0.13343717049582524,0.3099519413568996,-4.026409789238661,-4.6124426195221595,0.0
0.1333829513550175,0.3574095552487601,0.7118642083779081,71.07410996424854,0.0
0.38170906611366784,0.5884985697465396,3.466335217466692,41.31706513633176,0.0
0.7422908339900443,0.8410226647221538,3.7878614246342135,4.8228931075128205,0.0
0.8093690834465668,0.9785859230512544,2.0634488749365083,-25.86618824546558,2.1428571428571423
0.8175239664286332,0.8199849214050072,-2.379015024693707,-66.63695849445324,0.0
0.2995140433246582,0.5718127364369479,-3.7225827745208906,-20.153516247407754,0.0
0.141392180055339,0.2920368755438936,-4.196637913395813,-7.110827083123839,0.0
0.10111415787692389,0.32736877522067637,0.5299784951517411,70.8992461282133,0.0
0.3416070076127343,0.5483262132944519,3.3143615711066325,41.76574613932337,0.0
0.7243930216783245,0.8286634549098211,4.2050586242305386,13.36045579685859,0.0
0.8367452409333209,0.9828616576161305,2.312973040594642,-28.38128375453845,2.1428571428571423
0.8656049015395803,0.9401588427574185,-0.6405422228806812,-44.30272895212984,0.0
0.579049570079365,0.6700114475002451,-4.0522109288576,-51.17503058965379,0.0
0.10193815068760628,0.38671873294320624,-4.249390718355583,-2.9576968424697414,0.0
0.08245043358884667,0.31064804944052127,-1.1410602525402747,46.62495698722963,0.0
0.3438927906430264,0.5532719013633464,3.6393577788423763,71.70627047073977,0.0
0.7404438683172807,0.8232300758614245,4.049372617471172,6.150222579431935,0.0
0.8264857737791839,0.9497984415704687,1.8985254856356626,-32.26270697753264,2.1428571428571423
0.7567233821922892,0.7000159525230815,-3.746737335710808,-84.67894232019707,0.0
0.10150061394268553,0.4304834777179047,-4.042987122077652,-4.443746795502661,0.0
0.09422066576840796,0.33065325258316663,-1.4974533770210707,38.183006175848725,0.0
0.432282259454734,0.5678375096497787,3.5577638559991818,75.82825849530379,0.0
0.6912900217725721,0.8241844462056441,3.8452040483379806,4.3116028850819825,0.0
0.7784698480228857,0.9375325097589066,1.7002209532989365,-32.17474642558566,2.5000000000000036
0.8121920306245072,0.7695208261212599,-2.5201752545646996,-63.30594311795455,0.0
0.23332820633577778,0.5293678179498753,-3.6022951225707693,-16.231798020091045,0.0
0.14210057886029284,0.4206960966442423,-1.6300758195844953,29.58328954479411,0.0
0.4318388350218022,0.6002059858214004,2.6926483376573715,64.840862358628,0.0
0.7391848327734677,0.8676409477395693,4.0115244287725345,19.783141366727445,0.0
0.8648728078583839,0.9638576609277302,1.4432506978224124,-38.52410596425183,2.499999999999998
0.7575552292555862,0.9376850258307906,-0.3925895264540935,-27.53760336414759,0.0
0.6358127183252917,0.9376850258307906,0.0,5.888842896811402,0.0
