ID,SMOOTHED_AMPLITUDE_mean,SMOOTHED_AMPLITUDE_std,SMOOTHED_AMPLITUDE_max,VELOCITY_mean,VELOCITY_std,VELOCITY_max,ACCELERATION_mean,ACCELERATION_std,ACCELERATION_max,DISTANCE_ANG_mean,DISTANCE_ANG_std,FREQUENCY_mean,FREQUENCY_std,FREQUENCY_count,INTERVAL_STD,INTERVAL_CV
CONTROL01_DCHA,0.495316471,0.277166731,0.920610307,0.039367511,2.41963961,4.115690043,0.039367511,2.41963961,4.115690043,0.338295683,0.237234168,0.124726817,0.410977983,150,0.137801263,0.268027856
CONTROL01_IZDA,0.426434519,0.214061126,0.789187006,0.036378071,1.593744941,3.107844109,0.036378071,1.593744941,3.107844109,0.265005601,0.189171574,0.076077934,0.286055347,150,0.024915226,0.056691779
CONTROL02_DCHA,0.359582608,0.180347099,0.6420077,0.018685368,1.969558839,2.835389793,0.018685368,1.969558839,2.835389793,0.181164706,0.126846235,0.210718372,0.598015266,150,0.070414527,0.135902126
CONTROL02_IZDA,0.422282894,0.237784708,0.750850508,-0.010375094,2.318795408,3.434642769,-0.010375094,2.318795408,3.434642769,0.24151906,0.191067474,0.14220326,0.446448506,150,0.125631233,0.298539481
CONTROL03_IZDA,0.604220256,0.272828032,1.13078192,0.070856591,2.441310652,5.065232594,0.070856591,2.441310652,5.065232594,0.434958053,0.258752195,0.111138372,0.381817659,150,0.152145419,0.311620664
CONTROL04_DCHA,0.632208133,0.293307003,0.961922833,-0.075389384,2.222298159,3.913714626,-0.075389384,2.222298159,3.913714626,0.471860429,0.284675284,0.093345064,0.354399329,150,0.058585486,0.124669474
CONTROL04_IZDA,0.608662517,0.286492077,0.963684445,-0.057641281,2.144968004,3.757449149,-0.057641281,2.144968004,3.757449149,0.430263454,0.285365303,0.074945355,0.284089747,150,0.061780874,0.136376743
CONTROL05_DCHA,0.399521762,0.132396245,0.560299632,0.027419491,1.021602373,2.214516396,0.027419491,1.021602373,2.214516396,0.247112318,0.119443426,0.073137853,0.277935547,150,0.06986742,0.149829835
CONTROL05_IZDA,0.529867013,0.139509978,0.675149948,0.028173356,1.12091858,2.177403569,0.028173356,1.12091858,2.177403569,0.344367591,0.143312388,0.067773736,0.265579992,142,0.07866648,0.163540705
CONTROL06_DCHA,0.349731786,0.143126403,0.592611467,0.018053901,2.070624252,2.641746074,0.018053901,2.070624252,2.641746074,0.209959174,0.157451526,0.352848581,0.85614424,150,0.096251152,0.209519309
CONTROL06_IZDA,0.314806074,0.160080032,0.566132927,0.0067216,1.677073979,2.53782991,0.0067216,1.677073979,2.53782991,0.189973766,0.143028476,0.179596194,0.522198167,150,0.133797639,0.192831533
CONTROL07_DCHA,0.330778889,0.161518297,0.552224311,0.005691347,1.502684153,2.228729952,0.005691347,1.502684153,2.228729952,0.197955451,0.141673403,0.138730312,0.434820818,150,0.080948691,0.219337626
CONTROL07_IZDA,0.348219349,0.21200898,0.780247726,-0.015644164,1.866820592,3.089063569,-0.015644164,1.866820592,3.089063569,0.215587366,0.177634468,0.111207123,0.378930876,150,0.018401417,0.051024997
CONTROL08_DCHA,0.390071946,0.163714096,0.623061643,-0.029001568,1.530593046,2.401057205,-0.029001568,1.530593046,2.401057205,0.230544872,0.146575341,0.161540282,0.536913767,150,0.052793882,0.141752811
CONTROL08_IZDA,0.385568653,0.134521565,0.604774591,-0.002896475,1.216183371,2.066227159,-0.002896475,1.216183371,2.066227159,0.235382264,0.126249513,0.149844039,0.470666519,150,0.188313184,0.385694608
CONTROL09_DCHA,0.410506364,0.182864723,0.698180042,0.02293138,1.503337498,2.365448006,0.02293138,1.503337498,2.365448006,0.245325507,0.176832056,0.103165591,0.351353479,150,0.015692878,0.040406102
CONTROL09_IZDA,0.343536012,0.145622333,0.549924859,-0.00152476,1.226220635,2.018172888,-0.00152476,1.226220635,2.018172888,0.19530082,0.12271773,0.106469813,0.36307378,150,0.024812264,0.065766705
CONTROL1000_DCHA,0.356732734,0.186024676,0.651015578,-0.014808313,1.480072585,2.707133165,-0.014808313,1.480072585,2.707133165,0.212848911,0.143823196,0.091392576,0.329116011,150,0.058743023,0.143634959
CONTROL1000_IZDA,0.319225681,0.163703615,0.558288309,0.009628752,1.312514087,2.410428612,0.009628752,1.312514087,2.410428612,0.204582718,0.126763243,0.093398273,0.336612721,150,0.115183591,0.261994189
CONTROL1002_DCHA,0.206190763,0.093652874,0.378132641,-0.005971161,0.930499136,1.417515408,-0.005971161,0.930499136,1.417515408,0.097492064,0.088592271,0.18966115,0.555009908,150,0.182854269,0.320420497
CONTROL1002_IZDA,0.24587339,0.084323407,0.478738257,-0.000706603,1.123281559,1.825292954,-0.000706603,1.123281559,1.825292954,0.119533579,0.099439006,0.417528056,0.967677091,150,0.093306677,0.20753964
CONTROL101_DCHA,0.268520014,0.132249994,0.657216775,0.027297465,1.803313102,2.877361291,0.027297465,1.803313102,2.877361291,0.147029334,0.130955518,0.446458304,1.011618665,150,0.104667144,0.230652752
CONTROL101_IZDA,0.324525936,0.174983178,0.673084075,0.048504226,2.218433435,3.198101841,0.048504226,2.218433435,3.198101841,0.20306061,0.158592702,0.364873222,0.884961403,150,0.088342937,0.199070711
CONTROL102_DCHA,0.317743562,0.160740303,0.592510542,-0.036377817,1.486067941,2.450852481,-0.036377817,1.486067941,2.450852481,0.204305561,0.128888779,0.138750139,0.4352778,150,0.027794204,0.082126083
CONTROL102_IZDA,0.381598625,0.222934007,0.739580624,-0.005837196,1.659018046,3.085668326,-0.005837196,1.659018046,3.085668326,0.245703198,0.168791604,0.110650158,0.423259581,150,0.049184317,0.106987896
CONTROL103_DCHA,0.385121434,0.210135575,0.774993238,-0.014364911,2.801643943,3.894959549,-0.014364911,2.801643943,3.894959549,0.240324024,0.202463462,0.297750025,0.767008217,150,0.092032417,0.17107036
CONTROL103_IZDA,0.473324138,0.24541408,0.846877881,-0.001888955,3.108424763,4.254592763,-0.001888955,3.108424763,4.254592763,0.326560664,0.24786376,0.35147139,0.86137091,150,0.089522709,0.191662969
CONTROL104_DCHA,0.485344786,0.326998961,1.08946602,-0.038495566,1.787788948,5.492463894,-0.038495566,1.787788948,5.492463894,0.22269277,0.149778849,0.12159624,0.494886433,150,0.129125905,0.204809601
CONTROL104_IZDA,0.428634358,0.238610582,0.716533687,-0.045297056,1.204808191,3.223748438,-0.045297056,1.204808191,3.223748438,0.262341998,0.166146767,0.158900303,0.572732949,150,0.176963093,0.300432803
CONTROL105_DCHA,0.318560204,0.167617747,0.65289135,0.024751185,2.387004591,3.25014583,0.024751185,2.387004591,3.25014583,0.181673297,0.168743051,0.375118358,0.887516538,150,0.093244644,0.205882353
CONTROL105_IZDA,0.271990257,0.130536119,0.611512912,0.002755026,1.620272511,2.671499314,0.002755026,1.620272511,2.671499314,0.163804293,0.119655436,0.290752562,0.744796962,150,0.101738217,0.199242422
CONTROL106_DCHA,0.516712221,0.249899751,0.996851201,-0.023396494,3.184147256,4.398412535,-0.023396494,3.184147256,4.398412535,0.347288635,0.304803458,0.274022172,0.727781479,150,0.125114526,0.196312633
CONTROL106_IZDA,0.681034384,0.277083723,1.175584508,-0.033375664,3.630947892,6.129135874,-0.033375664,3.630947892,6.129135874,0.484930763,0.348326526,0.289040935,0.74082169,150,0.122255177,0.220878659
CONTROL107_DCHA,0.580072535,0.286169374,1.037441416,-0.050527647,3.741578802,4.856602034,-0.050527647,3.741578802,4.856602034,0.435954321,0.347273531,0.29499875,0.758582542,150,0.091214476,0.179982891
CONTROL107_IZDA,0.66247514,0.256554588,1.090630772,-0.031296622,3.315609316,4.493676248,-0.031296622,3.315609316,4.493676248,0.495034925,0.331971022,0.300483349,0.779170146,150,0.02491414,0.056691779
CONTROL108_DCHA,0.402282162,0.222003274,0.82599805,-0.006589589,2.154741582,3.60814851,-0.006589589,2.154741582,3.60814851,0.173191137,0.129604423,0.146747902,0.458206781,149,0.133488899,0.317856895
CONTROL108_IZDA,0.421999244,0.222756606,0.824699949,-0.053056259,1.992008823,3.187505844,-0.053056259,1.992008823,3.187505844,0.268091261,0.178457404,0.141868687,0.447959754,150,0.122117828,0.285807683
CONTROL109_DCHA,0.308990654,0.139861454,0.522662422,-0.024457379,1.306681426,2.276848266,-0.024457379,1.306681426,2.276848266,0.193887275,0.115315622,0.193452381,0.563340676,150,0.126861145,0.228922366
CONTROL109_IZDA,0.30545658,0.115133299,0.471239571,-0.012725764,0.989256888,1.938675894,-0.012725764,0.989256888,1.938675894,0.182376638,0.098686023,0.207670416,0.589894855,150,0.116299417,0.245571771
CONTROL10_DCHA,0.605115808,0.313343884,1.064134019,-0.0246253,2.442480354,4.596734937,-0.0246253,2.442480354,4.596734937,0.432353495,0.339942077,0.185817759,0.61286857,145,0.118317797,0.223683035
CONTROL10_IZDA,0.462001532,0.196755683,0.706871064,-0.016242882,1.383013027,2.577648032,-0.016242882,1.383013027,2.577648032,0.203754031,0.136428909,0.085405655,0.35528427,149,0.092544713,0.188120241
CONTROL110_DCHA,0.397266235,0.222405557,0.706048431,-0.062733275,1.771090953,3.011438533,-0.062733275,1.771090953,3.011438533,0.263359468,0.171029257,0.094815793,0.338910713,150,0.025743964,0.066291261
CONTROL110_IZDA,0.463351959,0.243854753,0.737356043,-0.056087886,1.745719921,3.15846767,-0.056087886,1.745719921,3.15846767,0.312917264,0.198611382,0.074560371,0.281996922,150,0.052050648,0.114856613
CONTROL11_DCHA,0.445963068,0.299173578,0.836039928,0.005808998,2.068158944,3.832519559,0.005808998,2.068158944,3.832519559,0.30835149,0.246004553,0.116771881,0.43711503,150,0.0533128,0.112676056
CONTROL11_IZDA,0.617859541,0.381378445,1.139208634,-0.047060799,2.892536149,5.247241248,-0.047060799,2.892536149,5.247241248,0.412555096,0.315502651,0.13319039,0.46751231,150,0.033167027,0.077144022
CONTROL12_DCHA,0.29612226,0.146721567,0.514208021,0.000655637,1.471530408,2.112198677,0.000655637,1.471530408,2.112198677,0.172962135,0.120277518,0.165217215,0.498621209,150,0.178058036,0.331706867
CONTROL12_IZDA,0.371785547,0.172086186,0.691954726,-0.028630251,1.897444658,4.128523527,-0.028630251,1.897444658,4.128523527,0.235937824,0.146041681,0.194382638,0.567111712,150,0.133157972,0.210526316
CONTROL13_DCHA,0.313675791,0.086315692,0.516033244,-0.011246121,1.59045105,2.927135332,-0.011246121,1.59045105,2.927135332,0.173965017,0.155477311,0.251797654,0.72108239,150,0.121724042,0.251097469
CONTROL13_IZDA,0.301335117,0.108550333,0.513101017,-0.008004796,1.854292853,2.958081383,-0.008004796,1.854292853,2.958081383,0.192593455,0.136528763,0.462596997,1.054796169,150,0.075514311,0.183381822
CONTROL14_DCHA,0.308345262,0.210599251,0.662668706,-0.003477186,1.988114128,3.143845321,-0.003477186,1.988114128,3.143845321,0.197901253,0.173368958,0.144570158,0.454770041,150,0.184565789,0.42944617
CONTROL14_IZDA,0.374377336,0.203794625,0.695723981,-0.00474851,2.072546538,3.21512011,-0.00474851,2.072546538,3.21512011,0.241985382,0.180900637,0.164928806,0.495574392,149,0.176737332,0.307779139
CONTROL15_DCHA,0.324651169,0.122018781,0.500188468,0.002973776,1.058016796,1.661149938,0.002973776,1.058016796,1.661149938,0.188177598,0.119755403,0.126931826,0.419282657,150,0.187655398,0.393291501
CONTROL15_IZDA,0.299969633,0.137492483,0.487912548,-0.036343925,1.404361595,2.162671702,-0.036343925,1.404361595,2.162671702,0.177243729,0.121960465,0.167999659,0.507566006,150,0.094797847,0.168752381
CONTROL16_DCHA,0.415682724,0.282578424,0.836215648,-0.000977705,1.996789492,3.406976674,-0.000977705,1.996789492,3.406976674,0.273352882,0.220552317,0.073814624,0.277581784,150,0.026651591,0.058823529
CONTROL16_IZDA,0.442164398,0.303745528,0.986482366,-0.041488335,2.103322868,3.783398057,-0.041488335,2.103322868,3.783398057,0.277812893,0.2260356,0.136986137,0.477718931,150,0.03263464,0.070999703
CONTROL17_DCHA,0.403634638,0.215140179,0.670288984,-0.009560149,2.032812217,2.916434737,-0.009560149,2.032812217,2.916434737,0.254373294,0.185663681,0.147116322,0.468339763,150,0.099781256,0.183047005
CONTROL17_IZDA,0.346719188,0.164355063,0.668470381,0.027073388,1.796925992,2.457535706,0.027073388,1.796925992,2.457535706,0.199419286,0.146609611,0.168442205,0.512086949,150,0.108585249,0.239845683
CONTROL18_DCHA,0.336531683,0.147769187,0.554431716,0.032002553,1.383460735,2.04044667,0.032002553,1.383460735,2.04044667,0.201368925,0.136340766,0.141350859,0.443971544,150,0.123168213,0.282442748
CONTROL18_IZDA,0.30878004,0.150273805,0.557000865,0.007786102,1.740629881,2.566921882,0.007786102,1.740629881,2.566921882,0.179617346,0.146258106,0.235431137,0.642709903,150,0.088074803,0.160348564
CONTROL19_DCHA,0.259925705,0.136198703,0.49352205,0.013435716,1.631189466,2.250791345,0.013435716,1.631189466,2.250791345,0.15748398,0.120330352,0.238207906,0.649356165,150,0.096249421,0.168832606
CONTROL20_DCHA,0.33735319,0.167971406,0.669984798,0.02323555,2.080251496,2.874336772,0.02323555,2.080251496,2.874336772,0.208062232,0.167486302,0.300534188,0.778250496,149,0.122036638,0.26387876
CONTROL20_IZDA,0.331131849,0.145228841,0.603141874,-0.051930965,1.862973463,2.65599281,-0.051930965,1.862973463,2.65599281,0.20326409,0.142806833,0.321980497,0.816295699,145,0.115241185,0.221558119
CONTROL21_DCHA,0.393233703,0.14047101,0.610651489,-0.000824446,1.772174061,2.82622036,-0.000824446,1.772174061,2.82622036,0.232468145,0.150481049,0.267598751,0.707835592,150,0.137263853,0.235606036
CONTROL21_IZDA,0.390764747,0.114716287,0.563397362,-0.007323914,1.578346413,2.383490481,-0.007323914,1.578346413,2.383490481,0.236333038,0.138691367,0.354719288,0.857672016,148,0.033454993,0.079132879
CONTROL22_DCHA,0.350018285,0.183546397,0.635321719,0.02987486,1.665465714,2.526206623,0.02987486,1.665465714,2.526206623,0.217151742,0.156717717,0.124867389,0.407624851,150,0.088455957,0.234373198
CONTROL22_IZDA,0.39892467,0.151893778,0.612283102,0.028175013,1.492121364,2.303556781,0.028175013,1.492121364,2.303556781,0.223907658,0.151371961,0.161803818,0.488470328,150,0.214794891,0.344781368
CONTROL23_DCHA,0.427781305,0.222233032,0.772493621,0.008220244,2.096471279,3.277839846,0.008220244,2.096471279,3.277839846,0.287429386,0.185390854,0.13410661,0.439953915,150,0.140914153,0.269373316
CONTROL23_IZDA,0.351370046,0.186105897,0.64858104,0.020000315,1.74774757,2.801370647,0.020000315,1.74774757,2.801370647,0.223186385,0.147093055,0.148095381,0.468976008,150,0.154141318,0.340465791
CONTROL24_DCHA,0.418058034,0.172370946,0.668813616,0.002975378,1.706299716,2.421594834,0.002975378,1.706299716,2.421594834,0.254904468,0.175708086,0.161728928,0.489789153,150,0.169015698,0.324075451
CONTROL24_IZDA,0.41589679,0.213721016,0.719291013,-0.009683105,2.127136894,2.926466685,-0.009683105,2.127136894,2.926466685,0.264780893,0.20046402,0.15011607,0.470084221,150,0.196168521,0.386203901
CONTROL25_DCHA,0.349314602,0.155842029,0.524021778,4.49E-05,0.987734702,1.837610486,4.49E-05,0.987734702,1.837610486,0.219187394,0.126948898,0.04859743,0.20723026,150,0.070145642,0.125763429
CONTROL25_IZDA,0.355240377,0.13834264,0.554521199,-0.00783588,0.914376131,2.217959616,-0.00783588,0.914376131,2.217959616,0.203269749,0.125035363,0.080271308,0.313275157,150,0.075464335,0.155695252
CONTROL995_DCHA,0.424375751,0.200340106,0.713833981,0.010826139,2.017815394,2.814020304,0.010826139,2.017815394,2.814020304,0.275368772,0.173732049,0.151235681,0.475471633,150,0.106108445,0.261268483
CONTROL995_IZDA,0.475279248,0.209922688,0.894339385,0.029682627,2.344382407,3.683987461,0.029682627,2.344382407,3.683987461,0.309573907,0.18263543,0.213656834,0.603371302,150,0.12161644,0.199792373
CONTROL996_DCHA,0.252775236,0.132503043,0.413595966,0.031718037,1.17714195,1.838186203,0.031718037,1.17714195,1.838186203,0.128036065,0.087944072,0.112171861,0.385311672,150,0.139217774,0.319244636
CONTROL996_IZDA,0.316915275,0.134763918,0.566567916,-0.013465715,1.555369541,2.418622625,-0.013465715,1.555369541,2.418622625,0.16639058,0.099253451,0.222680475,0.627676334,150,0.124551267,0.228370615
CONTROL997_DCHA,0.428279722,0.25397041,0.803314513,0.051265811,2.072777519,3.380767396,0.051265811,2.072777519,3.380767396,0.273329345,0.189574375,0.09660815,0.345437054,150,0.026033124,0.068272423
CONTROL997_IZDA,0.481108975,0.219291899,0.857517419,-0.000980942,2.410999205,4.663671367,-0.000980942,2.410999205,4.663671367,0.240212748,0.149161532,0.205052403,0.584725529,150,0.13749952,0.28476997
CONTROL998_DCHA,0.25604225,0.113504321,0.460851528,0.010566224,1.176765384,1.715164846,0.010566224,1.176765384,1.715164846,0.146237214,0.110532718,0.184330175,0.537298209,150,0.12681696,0.217593517
CONTROL998_IZDA,0.28965161,0.103331445,0.467281438,-0.01764274,1.132356295,1.997177113,-0.01764274,1.132356295,1.997177113,0.140279768,0.102905249,0.20727591,0.5853878,150,0.033050662,0.059678601
CONTROL999_DCHA,0.341686046,0.181191767,0.568974032,-0.030279443,1.497907741,2.364184046,-0.030279443,1.497907741,2.364184046,0.21737124,0.146233255,0.103265719,0.351892692,150,0.020763058,0.053452248
CONTROL999_IZDA,0.458481517,0.234444656,0.802830303,0.001004799,1.9098236,3.39206466,0.001004799,1.9098236,3.39206466,0.308411515,0.203262775,0.105594698,0.359955582,150,0.021308197,0.056066757
ID01_DCHA,0.350248199,0.148795948,0.589304499,-0.031854517,1.754318202,2.712820239,-0.031854517,1.754318202,2.712820239,0.214537465,0.136466757,0.237796463,0.647709232,150,0.110723185,0.192404078
ID01_IZDA,0.318598831,0.143917061,0.587721324,-0.00745063,1.714402416,2.570124557,-0.00745063,1.714402416,2.570124557,0.198586376,0.131795822,0.262843895,0.693766291,150,0.103319696,0.157431601
ID08_DCHA,0.589724708,0.277945358,0.944745526,0.071531409,2.151190198,4.246259115,0.071531409,2.151190198,4.246259115,0.428566304,0.252524531,0.112320245,0.407925798,150,0.049961081,0.119510308
ID08_IZDA,0.537993642,0.265677567,0.90585673,-0.013347963,2.43056929,4.059472509,-0.013347963,2.43056929,4.059472509,0.37695204,0.257773243,0.124366249,0.408142125,150,0.123231991,0.295061929
ID1000_DCHA,0.273212483,0.105819102,0.455181727,-0.001995765,0.833424585,1.452905808,-0.001995765,0.833424585,1.452905808,0.152664635,0.094774989,0.12849878,0.443789207,150,0.024048666,0.061420241
ID1000_IZDA,0.331050575,0.093246818,0.523295765,0.017822895,0.692226609,1.321882371,0.017822895,0.692226609,1.321882371,0.15458758,0.099329305,0.095276456,0.342654173,150,0.097000246,0.225872904
ID1001_IZDA,0.321078751,0.113708197,0.50206726,0.014966576,0.736930475,1.406444054,0.014966576,0.736930475,1.406444054,0.157715487,0.09159305,0.10061427,0.388381645,150,0.026163528,0.051613634
ID1002_DCHA,0.348883202,0.117963781,0.517931725,0.003266758,0.994454943,1.787265712,0.003266758,0.994454943,1.787265712,0.191522374,0.121315651,0.10714651,0.366771724,150,0.113837757,0.276494054
ID1002_IZDA,0.358987329,0.130987932,0.545917316,0.034739361,1.389360588,2.190846086,0.034739361,1.389360588,2.190846086,0.179457233,0.116614574,0.183224097,0.534177768,150,0.074319821,0.134290008
ID1003_DCHA,0.163684884,0.052549231,0.282867141,0.008459133,0.844603892,1.275624791,0.008459133,0.844603892,1.275624791,0.051396172,0.043059968,0.462676067,1.052421052,150,0.092882978,0.229044914
ID1003_IZDA,0.242111167,0.089120851,0.432247802,0.001253529,1.415326503,1.942178755,0.001253529,1.415326503,1.942178755,0.123709655,0.088599972,0.461315333,1.041018669,150,0.053461683,0.140593871
ID1004_DCHA,0.313175164,0.136315355,0.497513146,-0.012591932,1.152956242,2.054829935,-0.012591932,1.152956242,2.054829935,0.135186565,0.070324803,0.096548754,0.355869779,150,0.129192251,0.281681439
ID1004_IZDA,0.341748851,0.16228705,0.587415802,0.020079633,1.366016785,2.418684981,0.020079633,1.366016785,2.418684981,0.217746386,0.130357056,0.094034524,0.339820879,150,0.102938611,0.23423674
ID101_IZDA,0.296372474,0.11869754,0.444293909,0.004414912,0.902037673,1.743921549,0.004414912,0.902037673,1.743921549,0.148695695,0.094333058,0.081420789,0.302149075,146,0.029960739,0.070866142
ID102_DCHA,0.228138991,0.087083451,0.39640664,0.020837172,0.633969869,1.057794808,0.020837172,0.633969869,1.057794808,0.119045871,0.076693032,0.079250352,0.29835918,150,0.029960443,0.070866142
ID102_IZDA,0.231232208,0.106475753,0.404048854,0.029213225,0.902369653,1.477295628,0.029213225,0.902369653,1.477295628,0.126935742,0.090066874,0.111384876,0.381707796,150,0.167522573,0.383886747
ID103_DCHA,0.35990962,0.144861312,0.559686588,-0.019093602,1.116726016,1.788522126,-0.019093602,1.116726016,1.788522126,0.214498479,0.131163094,0.086286169,0.30842798,150,0.02773649,0.065001074
ID103_IZDA,0.315173009,0.08578138,0.448295434,-0.022297144,0.746212994,1.204334021,-0.022297144,0.746212994,1.204334021,0.148009216,0.081540893,0.09418055,0.336404084,150,0.020525323,0.052576201
ID104_DCHA,0.333191469,0.135036679,0.608563988,0.02954702,2.104218626,3.28815991,0.02954702,2.104218626,3.28815991,0.205989225,0.163295456,0.454772141,1.02903197,150,0.087432984,0.203479143
ID104_IZDA,0.265899755,0.088236089,0.466015904,-0.005644844,1.5311411,2.51855758,-0.005644844,1.5311411,2.51855758,0.156289226,0.129752159,0.342591848,0.88908323,150,0.094735087,0.188327183
ID105_DCHA,0.210487094,0.125293966,0.439562258,0.01284127,0.9922978,1.789302381,0.01284127,0.9922978,1.789302381,0.104954214,0.094379927,0.159730906,0.536160854,150,0.020074066,0.050251891
ID105_IZDA,0.212420124,0.108154365,0.395532952,-0.009290925,0.887903917,1.487245711,-0.009290925,0.887903917,1.487245711,0.104329203,0.08978452,0.153558257,0.51546987,149,0.037117587,0.093560057
ID106_DCHA,0.206948949,0.096601046,0.375638729,-0.018383961,1.103191955,1.607480424,-0.018383961,1.103191955,1.607480424,0.101080544,0.078375215,0.230345675,0.628609954,150,0.150492663,0.254692131
ID106_IZDA,0.208376385,0.064912879,0.328933022,0.02028999,0.845038118,1.264672614,0.02028999,0.845038118,1.264672614,0.079619825,0.06472011,0.295988098,0.759784765,150,0.088067833,0.174932018
ID107_IZDA,0.26556351,0.089476331,0.436163172,-0.013441561,0.733136826,1.637285643,-0.013441561,0.733136826,1.637285643,0.106741459,0.073903938,0.119794055,0.391287725,150,0.027585788,0.075847392
ID108_DCHA,0.25324127,0.111312453,0.461599502,-0.011643041,1.187137647,1.797633236,-0.011643041,1.187137647,1.797633236,0.122395236,0.091338097,0.189365618,0.560084975,144,0.126770408,0.227742096
ID108_IZDA,0.231081242,0.116681297,0.414869481,-0.002148714,1.240644593,1.722168931,-0.002148714,1.240644593,1.722168931,0.117932928,0.084371704,0.186126222,0.543402522,150,0.119687323,0.175315924
ID109_DCHA,0.184285601,0.085466915,0.35999696,0.000490821,0.579548824,1.086443012,0.000490821,0.579548824,1.086443012,0.055395374,0.05996871,0.186955623,0.58444408,150,0.03508957,0.071869947
ID109_IZDA,0.197868584,0.037302568,0.280308403,0.000433282,0.312030545,0.652678763,0.000433282,0.312030545,0.652678763,0.031716761,0.03333625,0.245877934,0.676704025,150,0.101909113,0.181292419
ID110_DCHA,0.171576024,0.066939134,0.294425202,0.011215921,0.450082565,0.803827762,0.011215921,0.450082565,0.803827762,0.085888614,0.046202139,0.113421285,0.425737661,150,0.090909438,0.188239228
ID110_IZDA,0.142699668,0.062720879,0.282099084,-0.012717923,0.506646498,1.148699869,-0.012717923,0.506646498,1.148699869,0.044005922,0.023057244,0.152534723,0.498940166,150,0.071402258,0.169637786
ID111_DCHA,0.248141116,0.144361411,0.520745226,0.00725345,1.206325052,1.953503196,0.00725345,1.206325052,1.953503196,0.135122152,0.12406994,0.108628438,0.370008941,150,0.016411832,0.044481803
ID111_IZDA,0.236404672,0.088206274,0.388141766,-0.009722172,0.546706582,1.202395189,-0.009722172,0.546706582,1.202395189,0.128748156,0.066668608,0.094211838,0.394733124,150,0.200073165,0.318722484
ID112_DCHA,0.226929765,0.080731014,0.389229424,0.002815143,0.936593586,1.504185507,0.002815143,0.936593586,1.504185507,0.108986231,0.078624198,0.251125736,0.664266446,150,0.100902688,0.186528549
ID112_IZDA,0.268950841,0.097883113,0.501737958,-0.01176034,1.304057381,2.21251887,-0.01176034,1.304057381,2.21251887,0.146126539,0.113516807,0.388369637,0.925326967,150,0.096453328,0.203725075
ID114_DCHA,0.22069405,0.097892552,0.429566175,0.004612246,0.968207559,1.808230863,0.004612246,0.968207559,1.808230863,0.119495249,0.086104291,0.149085954,0.466910834,150,0.103536967,0.177004399
ID114_IZDA,0.187924922,0.064027596,0.305860094,-0.014899738,0.656876385,1.237196803,-0.014899738,0.656876385,1.237196803,0.077684482,0.058098448,0.18497051,0.536338307,149,0.113211456,0.180232989
ID115_DCHA,0.332281233,0.158416946,0.522755537,-0.035837752,0.84748657,1.689034513,-0.035837752,0.84748657,1.689034513,0.194666398,0.140102224,0.085163692,0.33844312,150,0.139264438,0.253533341
ID115_IZDA,0.389174907,0.146195486,0.546165667,0.018966205,0.964142889,1.940848988,0.018966205,0.964142889,1.940848988,0.234718647,0.118370395,0.112432719,0.471279237,150,0.068584618,0.116752324
ID116_DCHA,0.28877024,0.073854794,0.494335171,0.00446349,1.208068444,2.300862999,0.00446349,1.208068444,2.300862999,0.143856802,0.119683905,0.386857657,0.954791343,148,0.105586443,0.234827666
ID116_IZDA,0.309309277,0.075458369,0.472581053,0.000189299,1.35413166,2.541205295,0.000189299,1.35413166,2.541205295,0.148272117,0.10528401,0.341577295,0.87806767,149,0.138593307,0.277555467
ID117_DCHA,0.209349493,0.092383602,0.380760964,0.016143525,1.10574821,1.635651059,0.016143525,1.10574821,1.635651059,0.100617795,0.084895906,0.256291451,0.678011885,150,0.138009873,0.233565126
ID117_IZDA,0.262089207,0.090487833,0.446297939,0.009519605,1.258855537,2.24791352,0.009519605,1.258855537,2.24791352,0.112415736,0.090380666,0.382618096,0.911525642,150,0.056459356,0.132303249
ID118_DCHA,0.355085974,0.247900942,0.787708184,-0.003847493,1.50412228,3.222646514,-0.003847493,1.50412228,3.222646514,0.179220389,0.146940212,0.109713086,0.425355409,150,0.072455299,0.132877062
ID118_IZDA,0.373400968,0.224618769,0.657126447,0.036557175,1.17084661,2.671379841,0.036557175,1.17084661,2.671379841,0.209175324,0.150169066,0.062940286,0.304662528,150,0.073609512,0.108741796
ID119_DCHA,0.328376783,0.16324999,0.558525871,-0.011506892,0.463265726,0.901283903,-0.011506892,0.463265726,0.901283903,0.178256576,0.120681468,0.022573616,0.128065409,150,0.299302919,0.359555281
ID119_IZDA,0.344772752,0.067231015,0.460177879,0.011211346,0.241083303,0.725113581,0.011211346,0.241083303,0.725113581,0.117438513,0.070770082,0.14228491,0.542366333,150,0.119176141,0.205409247
ID11_DCHA,0.512076702,0.316288525,1.019174491,0.047394373,2.395949348,4.152064891,0.047394373,2.395949348,4.152064891,0.360400249,0.299828043,0.129605879,0.481726334,150,0.050426583,0.117308108
ID11_IZDA,0.646327043,0.387265942,1.232334955,-0.017896496,3.0657297,5.173119941,-0.017896496,3.0657297,5.173119941,0.461993245,0.337880543,0.092346208,0.330403075,150,0.031740179,0.079455216
ID120_DCHA,0.410067649,0.151086473,0.724995538,-0.000863613,1.24273571,3.224781826,-0.000863613,1.24273571,3.224781826,0.189509925,0.130821329,0.258754042,0.734137534,150,0.029973534,0.074432293
ID120_IZDA,0.377733375,0.211092324,0.691506016,-0.027776027,1.73284709,3.090628658,-0.027776027,1.73284709,3.090628658,0.248875753,0.169892778,0.109266592,0.375030876,150,0.114545879,0.256785829
ID121_DCHA,0.339755763,0.178002157,0.560627316,0.001195512,1.291246745,2.379424664,0.001195512,1.291246745,2.379424664,0.213218678,0.139369492,0.090485297,0.362885741,150,0.022801138,0.05094557
ID121_IZDA,0.340580568,0.170677152,0.562099563,-0.019598408,1.239796651,2.352885173,-0.019598408,1.239796651,2.352885173,0.207856607,0.125957332,0.071732966,0.269743329,150,0.025789433,0.055328334
ID122_DCHA,0.325864932,0.241815787,0.703089977,0.017611791,1.605870658,3.151501052,0.017611791,1.605870658,3.151501052,0.097917165,0.066205748,0.078449647,0.305607254,150,0.085152352,0.169277418
ID122_IZDA,0.38587539,0.219374487,0.701366029,-0.046825934,1.717851097,3.079372019,-0.046825934,1.717851097,3.079372019,0.235945364,0.156815611,0.113478769,0.411891908,150,0.05563759,0.134195448
ID123_DCHA,0.338788378,0.158191447,0.531596547,-0.007103409,0.776931426,1.887902736,-0.007103409,0.776931426,1.887902736,0.200170418,0.118385127,0.104059377,0.449017174,150,0.175980644,0.298278097
ID123_IZDA,0.377786871,0.167596475,0.558950749,0.028066498,0.861370232,1.797559261,0.028066498,0.861370232,1.797559261,0.22783893,0.127466583,0.042692056,0.223609386,150,0.092197763,0.120385853
ID124_DCHA,0.20141412,0.07799806,0.31608823,-0.015421088,0.356861872,0.96939688,-0.015421088,0.356861872,0.96939688,0.076813879,0.045216111,0.064170736,0.326568413,150,0.122563608,0.16243178
ID124_IZDA,0.283988423,0.120927803,0.427826349,-0.023595075,0.630936517,1.498624702,-0.023595075,0.630936517,1.498624702,0.099179464,0.056453622,0.108295596,0.474658056,145,0.192363918,0.308570732
ID125_DCHA,0.16974472,0.040529367,0.254656262,0.001413837,0.498051598,0.836615654,0.001413837,0.498051598,0.836615654,0.055569786,0.025798555,0.260419902,0.689760825,150,0.070506262,0.135528595
ID125_IZDA,0.123567684,0.041026006,0.225564338,0.006416241,0.509969984,1.046602209,0.006416241,0.509969984,1.046602209,0.066357422,0.03861317,0.262986314,0.698756009,150,0.123472383,0.21329449
ID126_IZDA,0.286161387,0.122948527,0.436352195,-0.02779008,0.739810021,1.569394013,-0.02779008,0.739810021,1.569394013,0.147166662,0.076270211,0.093591571,0.386574814,143,0.079716295,0.144039429
ID127_DCHA,0.507178961,0.272934804,0.817623622,0.030755705,1.282878246,3.20918916,0.030755705,1.282878246,3.20918916,0.320989633,0.213291527,0.109009823,0.429305712,150,0.155851706,0.23747782
ID127_IZDA,0.382227983,0.235279859,0.741747813,0.053277127,1.22801442,2.654962314,0.053277127,1.22801442,2.654962314,0.224017254,0.146539432,0.084258894,0.37815603,150,0.11637932,0.171935877
ID22_DCHA,0.457893774,0.264167138,0.82349465,0.018041647,2.097153206,3.44175455,0.018041647,2.097153206,3.44175455,0.288170384,0.219757625,0.097042401,0.35123189,150,0.047078848,0.11785113
ID22_IZDA,0.732970108,0.376812902,1.214400441,-0.020023287,3.513872056,5.247357783,-0.020023287,3.513872056,5.247357783,0.550778512,0.365735581,0.130831405,0.427427295,150,0.13242261,0.305763183
ID23_DCHA,0.49101355,0.214230268,0.774773193,0.001167447,1.226135558,2.447401541,0.001167447,1.226135558,2.447401541,0.299018604,0.17420586,0.061944537,0.306133991,150,0.096894932,0.146758397
ID23_IZDA,0.619448475,0.295173098,1.043174637,-0.038310154,2.723523076,5.195946514,-0.038310154,2.723523076,5.195946514,0.445459687,0.280367854,0.138237402,0.434160386,150,0.132381739,0.326145871
ID25_DCHA,0.154648523,0.050602842,0.334957743,-0.003775725,0.650992728,1.667441013,-0.003775725,0.650992728,1.667441013,0.065249552,0.068829301,0.257721132,0.730916151,150,0.102956121,0.210764057
ID25_IZDA,0.16701808,0.024165372,0.23811649,0.000151338,0.2919863,0.755199319,0.000151338,0.2919863,0.755199319,0.049964563,0.028001265,0.337823354,0.865950434,150,0.122070696,0.273586609
ID26_DCHA,0.268690717,0.129151445,0.525632414,-0.039190452,1.212617679,1.846974227,-0.039190452,1.212617679,1.846974227,0.135332567,0.11261373,0.24386194,0.689342834,150,0.095265114,0.220029828
ID26_IZDA,0.409572566,0.135766553,0.586680404,-0.002035986,1.272946677,2.19673853,-0.002035986,1.272946677,2.19673853,0.234783503,0.130711222,0.125840098,0.412228812,150,0.074848488,0.198393199
ID27_DCHA,0.387199603,0.178062006,0.646649634,0.045502342,1.362729897,2.452153412,0.045502342,1.362729897,2.452153412,0.246780533,0.1461169,0.07845297,0.295049041,150,0.024923814,0.058463397
ID27_IZDA,0.41159397,0.208461622,0.702572017,0.027524007,1.644190336,2.747350542,0.027524007,1.644190336,2.747350542,0.264491974,0.168223916,0.088758422,0.318567348,150,0.043449538,0.104005073
ID29_DCHA,0.355538056,0.252173532,0.767580252,-0.052373704,2.471821947,3.51940951,-0.052373704,2.471821947,3.51940951,0.204739674,0.194807852,0.161855454,0.488872991,150,0.236601547,0.430686982
ID29_IZDA,0.566538398,0.224221687,0.915134529,0.0246913,2.192562411,3.734097219,0.0246913,2.192562411,3.734097219,0.377792946,0.230730916,0.148179221,0.466677858,150,0.137305854,0.263757464
ID30_DCHA,0.689512517,0.321045466,1.123920331,-0.035028005,2.925892451,4.557811277,-0.035028005,2.925892451,4.557811277,0.529778297,0.356292315,0.12352104,0.405531982,150,0.144750957,0.312680774
ID30_IZDA,0.546674428,0.267122516,0.93213663,-0.017881816,2.28520886,3.774766295,-0.017881816,2.28520886,3.774766295,0.360834792,0.260084526,0.120223059,0.395479163,150,0.032008125,0.087342629
ID32_DCHA,0.406670553,0.208902305,0.643324571,-0.047175145,1.440976971,2.59680857,-0.047175145,1.440976971,2.59680857,0.265446338,0.164612806,0.060113148,0.239708746,150,0.045601884,0.090653147
ID32_IZDA,0.389433506,0.174016227,0.601549689,0.027047421,1.318961215,2.34132532,0.027047421,1.318961215,2.34132532,0.242924877,0.143652407,0.063232465,0.251948056,150,0.035093241,0.073541341
ID36_DCHA,0.469972355,0.302684896,0.92883176,-0.004702311,2.545718201,4.161498616,-0.004702311,2.545718201,4.161498616,0.332956024,0.280415508,0.106201282,0.361673084,150,0.01569267,0.041594517
ID36_IZDA,0.488476735,0.222228627,0.819139211,0.03002153,2.032530197,3.062483492,0.03002153,2.032530197,3.062483492,0.278630527,0.185394357,0.1258215,0.410697665,150,0.016644819,0.047619048
ID40_DCHA,0.317197742,0.164485537,0.58099855,0.005206464,1.433032734,2.242240637,0.005206464,1.433032734,2.242240637,0.150884742,0.115820279,0.110602015,0.377305139,150,0.025273018,0.069545294
ID40_IZDA,0.353917773,0.16638267,0.618052201,0.007813114,1.450983058,2.528155206,0.007813114,1.450983058,2.528155206,0.189747273,0.124382572,0.122920842,0.40109786,150,0.020823741,0.058869844
ID43_IZDA,0.519192302,0.320713869,1.015623109,-0.028700025,2.23798377,3.871160747,-0.028700025,2.23798377,3.871160747,0.341757984,0.252160966,0.104546387,0.418083164,144,0.068157216,0.14360268
ID44_DCHA,0.388919445,0.214132946,0.675911657,0.060354907,1.613009507,2.972156418,0.060354907,1.613009507,2.972156418,0.245233272,0.175168091,0.08738633,0.312095,150,0.021399214,0.050870991
ID44_IZDA,0.379988158,0.119291761,0.623291963,0.006718821,1.116607583,2.150608717,0.006718821,1.116607583,2.150608717,0.220638668,0.107772306,0.124159644,0.408821315,150,0.099638449,0.236864426
ID50_DCHA,0.240282013,0.115712082,0.481817749,0.009138477,1.153902857,1.870358654,0.009138477,1.153902857,1.870358654,0.133927695,0.107421506,0.166607595,0.503112866,150,0.215531351,0.354070912
ID50_IZDA,0.280697023,0.111467439,0.616334752,-0.004031878,1.113308619,4.157246063,-0.004031878,1.113308619,4.157246063,0.144600106,0.102551279,0.168178674,0.507577195,148,0.174120192,0.36211084
ID981_DCHA,0.283132635,0.098362658,0.53886591,0.000240326,1.526991681,2.706387096,0.000240326,1.526991681,2.706387096,0.156396235,0.133629968,0.500667833,1.105159258,150,0.080972512,0.211514776
ID981_IZDA,0.262830053,0.068607783,0.398309611,-0.013502838,1.101919557,1.632070811,-0.013502838,1.101919557,1.632070811,0.110876632,0.083277361,0.458388963,1.037132105,150,0.076199346,0.187905646
ID982_DCHA,0.225420742,0.067445244,0.377768729,-0.012289289,1.08573219,1.968902395,-0.012289289,1.08573219,1.968902395,0.111178043,0.084454176,0.336858945,0.871025061,150,0.075774881,0.176197127
ID982_IZDA,0.321105094,0.084287059,0.613357583,-0.006588673,1.311617087,3.560781871,-0.006588673,1.311617087,3.560781871,0.176748924,0.122825434,0.248699195,0.70900159,150,0.112918096,0.214990669
ID983_DCHA,0.211453642,0.090482202,0.377829649,-0.006724698,0.868163674,1.540000988,-0.006724698,0.868163674,1.540000988,0.082915359,0.056574313,0.172172669,0.524020236,150,0.118793178,0.228385639
ID983_IZDA,0.229119614,0.108167985,0.429640985,0.004796917,1.11464821,1.881338738,0.004796917,1.11464821,1.881338738,0.105471026,0.086570206,0.179328638,0.561175634,150,0.140187916,0.273900496
ID984_DCHA,0.197906828,0.069540416,0.369076825,0.016136505,0.521762455,1.079543473,0.016136505,0.521762455,1.079543473,0.070882907,0.062154719,0.137850549,0.448882946,147,0.185672907,0.374963219
ID984_IZDA,0.357996144,0.093354761,0.567084694,-0.011346953,0.96551313,1.77001481,-0.011346953,0.96551313,1.77001481,0.093060865,0.044595696,0.179262681,0.537780008,145,0.118794281,0.228385639
ID985_DCHA,0.405850158,0.108007567,0.603550261,-0.009727463,1.025950676,1.71285515,-0.009727463,1.025950676,1.71285515,0.213337197,0.117560895,0.128544527,0.422702054,150,0.127415266,0.306202547
ID985_IZDA,0.357910769,0.121061964,0.544153853,0.001076361,1.184950488,2.022069986,0.001076361,1.184950488,2.022069986,0.178625552,0.104386093,0.148733338,0.467242345,150,0.142774576,0.29022946
ID986_DCHA,0.317314777,0.130747457,0.496718966,-0.003808817,0.938911143,1.516257331,-0.003808817,0.938911143,1.516257331,0.182618707,0.106997489,0.062670351,0.249491183,150,0.031818088,0.066171733
ID986_IZDA,0.305562838,0.127114261,0.455990727,0.003419795,0.961225992,1.812366439,0.003419795,0.961225992,1.812366439,0.176263084,0.099753434,0.06467869,0.257982538,149,0.058322045,0.123031373
ID987_DCHA,0.321269365,0.243311851,0.673945142,0.000717159,1.29021652,2.7329791,0.000717159,1.29021652,2.7329791,0.204304265,0.182728257,0.133550727,0.455517314,150,0.132489562,0.292643364
ID987_IZDA,0.342219019,0.232909482,0.635684811,-0.043612265,1.195288625,2.647253652,-0.043612265,1.195288625,2.647253652,0.218733652,0.172792335,0.180651447,0.632129903,148,0.148240874,0.310271257
ID988_DCHA,0.458042794,0.206016723,0.731137718,0.036676256,0.863771384,1.900689567,0.036676256,0.863771384,1.900689567,0.241497659,0.15188361,0.086912246,0.410417235,150,0.200302849,0.329053745
ID989_DCHA,0.287560084,0.087277616,0.41940682,0.008788658,0.420231833,1.370167371,0.008788658,0.420231833,1.370167371,0.140269728,0.073544371,0.123726052,0.486223692,150,0.182980775,0.286429028
ID990_DCHA,0.288165688,0.134271038,0.520559381,-0.012865496,1.198394475,2.040600343,-0.012865496,1.198394475,2.040600343,0.139527896,0.104358105,0.139035313,0.440718394,150,0.154892165,0.320893521
ID990_IZDA,0.268403845,0.112870087,0.450384157,-0.015682011,1.062413706,2.581985944,-0.015682011,1.062413706,2.581985944,0.119038608,0.067947028,0.188642307,0.589517676,148,0.081609296,0.199311393
ID991_DCHA,0.243367848,0.114285654,0.406643071,0.008242891,0.832983839,1.495309904,0.008242891,0.832983839,1.495309904,0.128106321,0.074430858,0.116320699,0.433103533,150,0.033289018,0.071428571
ID991_IZDA,0.30873805,0.113704184,0.468883781,0.003185017,0.981863894,1.60454828,0.003185017,0.981863894,1.60454828,0.164410281,0.079321066,0.107159069,0.366814714,150,0.020764247,0.055024373
ID992_DCHA,0.326769109,0.16700624,0.592028714,0.017861853,1.714900485,2.492273421,0.017861853,1.714900485,2.492273421,0.208194587,0.140956982,0.166489557,0.50275642,150,0.213957762,0.377800958
ID992_IZDA,0.425761181,0.183373021,0.698612716,-0.022200216,2.042026296,3.057155626,-0.022200216,2.042026296,3.057155626,0.267270639,0.155845958,0.192661137,0.557859563,148,0.093674768,0.153888403
ID993_DCHA,0.3185784,0.116422652,0.534019168,-0.001203233,1.222462439,1.860880028,-0.001203233,1.222462439,1.860880028,0.168666568,0.128804339,0.187327507,0.544985685,150,0.126738306,0.305001203
ID993_IZDA,0.280586983,0.084221008,0.42186195,0.010063389,0.948729087,1.746268176,0.010063389,0.948729087,1.746268176,0.138584392,0.087192739,0.239628267,0.658497692,150,0.137108744,0.268018
ID994_DCHA,0.311929264,0.150381334,0.54681803,-0.04182373,1.489603815,2.056325648,-0.04182373,1.489603815,2.056325648,0.191736837,0.131674163,0.148166905,0.464354321,150,0.118800641,0.214648157
ID994_IZDA,0.410962156,0.194894512,0.715069808,0.012888523,1.967547856,3.025456698,0.012888523,1.967547856,3.025456698,0.233003284,0.145395677,0.163827659,0.494087246,150,0.176739082,0.307779139
ID996_DCHA,0.276335326,0.100770341,0.450108656,0.006666912,0.884142454,1.526636974,0.006666912,0.884142454,1.526636974,0.125557305,0.102842511,0.126736375,0.413619621,150,0.080207547,0.215773616
ID996_IZDA,0.339192981,0.176768117,0.652545288,0.006857702,1.472202067,2.78725751,0.006857702,1.472202067,2.78725751,0.186313653,0.160592457,0.161736813,0.540905131,150,0.026608365,0.071579575
ID997_DCHA,0.253247602,0.156651149,0.543523594,-0.031351422,1.354124168,2.104411448,-0.031351422,1.354124168,2.104411448,0.158098901,0.120442867,0.110161118,0.375255542,150,0.016432122,0.045160914
ID997_IZDA,0.305492279,0.150935235,0.544338004,-0.036884885,1.414849591,2.123955152,-0.036884885,1.414849591,2.123955152,0.180452096,0.120929532,0.14507605,0.45089492,147,0.074414913,0.208757095
ID998_DCHA,0.224348622,0.106632863,0.402427833,-0.000659117,1.109219014,1.73152437,-0.000659117,1.109219014,1.73152437,0.116686302,0.087396314,0.189815459,0.553370152,150,0.124061098,0.174692811
ID998_IZDA,0.257211675,0.081495129,0.399681334,-0.001826951,0.887678055,1.497339751,-0.001826951,0.887678055,1.497339751,0.112964158,0.073367188,0.191189287,0.557310778,150,0.128333648,0.228431762
ID9992_DCHA,0.229273108,0.127714596,0.46880454,-0.037793636,1.026448453,1.779895198,-0.037793636,1.026448453,1.779895198,0.144183357,0.097229027,0.11488729,0.386034369,145,0.12506852,0.286539303
ID9992_IZDA,0.182320255,0.110469434,0.460370019,0.009358808,1.131363271,2.09172312,0.009358808,1.131363271,2.09172312,0.109771739,0.095510268,0.212313261,0.602297147,150,0.116601949,0.226590155
ID9993_DCHA,0.322233755,0.166461594,0.553478536,0.01109711,1.123666357,2.307648398,0.01109711,1.123666357,2.307648398,0.159590563,0.125614906,0.118962122,0.44185793,150,0.044412316,0.086366128
ID9993_IZDA,0.67839781,0.369045208,1.215687056,-0.022968287,2.351451366,5.382860411,-0.022968287,2.351451366,5.382860411,0.437605248,0.276179139,0.118889073,0.50941626,150,0.087629976,0.15438926
ID9994_DCHA,0.4144872,0.226574335,0.715269856,0.11415225,2.892121764,4.925124764,0.11415225,2.892121764,4.925124764,0.246784092,0.162504162,0.105134073,0.443852356,149,0.080848527,0.173131423
ID9994_IZDA,0.385996407,0.272890263,0.806118378,-0.146870529,3.752513221,6.039095282,-0.146870529,3.752513221,6.039095282,0.251196347,0.224243594,0.130206236,0.518623004,150,0.074934093,0.143777606
ID9995_DCHA,0.306353503,0.207880933,0.790408716,0.028175402,2.07086763,3.561132745,0.028175402,2.07086763,3.561132745,0.184990491,0.170511992,0.178920084,0.521347362,150,0.114771464,0.216928777
ID9995_IZDA,0.279878942,0.181411769,0.684350497,0.016417961,1.919811118,2.795774318,0.016417961,1.919811118,2.795774318,0.14574519,0.131186145,0.207774027,0.585251325,150,0.110432456,0.175718386
ID9996_DCHA,0.17834806,0.064390267,0.476000837,-0.027077871,0.549793311,1.450787937,-0.027077871,0.549793311,1.450787937,0.094592771,0.070340248,0.248915022,0.693656567,150,0.098726242,0.238094984
ID9996_IZDA,0.261763033,0.081841135,0.580802335,-0.022874895,0.791984864,3.295602111,-0.022874895,0.791984864,3.295602111,0.10065926,0.055104473,0.285748939,0.775880176,134,0.087069398,0.204671344
ID9997_DCHA,0.129147303,0.016249211,0.171794414,0.002779984,0.221128932,0.631423625,0.002779984,0.221128932,0.631423625,0.044944072,0.015093208,0.314674162,0.835518753,150,0.084386799,0.184802758
ID9997_IZDA,0.184263196,0.018514999,0.266701687,-0.004926981,0.23270347,0.683638233,-0.004926981,0.23270347,0.683638233,0.027612575,0.018560129,0.281798893,0.776077452,150,0.111993327,0.238302094
ID9998_DCHA,0.244368804,0.107216489,0.531790255,-0.018682784,1.021997014,1.746653941,-0.018682784,1.021997014,1.746653941,0.125802404,0.109412404,0.168246583,0.510931479,150,0.202286495,0.382437305
ID9998_IZDA,0.320051434,0.121427212,0.580493303,-0.020033302,0.892328966,1.749881361,-0.020033302,0.892328966,1.749881361,0.17537103,0.121779365,0.088726017,0.318509808,150,0.043474384,0.104005073
ID9999_DCHA,0.260638265,0.04869029,0.43810363,-0.013380673,0.76317071,2.564771483,-0.013380673,0.76317071,2.564771483,0.114526646,0.08916509,0.340322371,0.8800279,150,0.069534864,0.158186462
ID9999_IZDA,0.214129256,0.029541381,0.325469782,0.001134531,0.336407259,1.094111159,0.001134531,0.336407259,1.094111159,0.057565881,0.047959983,0.296275535,0.773668196,150,0.143878668,0.294579123
ID999_DCHA,0.358908529,0.156435052,0.610399039,-0.013297117,1.298837122,2.475383116,-0.013297117,1.298837122,2.475383116,0.177509802,0.114431673,0.119552398,0.394597346,140,0.103781355,0.26177753
ID999_IZDA,0.286122682,0.150777795,0.548900575,0.022094684,1.264437251,2.332067169,0.022094684,1.264437251,2.332067169,0.130892793,0.108107888,0.124512689,0.436573377,144,0.038280079,0.098821177
