Model,Train_Accuracy,Test_Accuracy,Train_F1,Test_F1,Kappa,Overfitting_Gap,CV_Score,CV_Mean,Model_Object,Best_Params
RandomForestClassifier,0.98125,0.8625,0.9813890420494051,0.8635989010989011,0.8166666666666667,0.11874999999999991,0.797884322350641,0.765625,"RandomForestClassifier(max_depth=10, n_estimators=200)","{'max_depth': 10, 'min_samples_leaf': 1, 'n_estimators': 200}"
AdaBoostClassifier,0.803125,0.8625,0.8040201959296057,0.8649505925903812,0.8166666666666667,-0.05937500000000007,0.7450345987822268,0.7125,AdaBoostClassifier(),"{'learning_rate': 1.0, 'n_estimators': 50}"
XGBClassifier,0.996875,0.775,0.9968748779249189,0.7742621093070386,0.7,0.22187499999999993,0.7928989873179086,0.778125,"XGBClassifier(base_score=None, booster=None, callbacks=None,
              colsample_bylevel=None, colsample_bynode=None,
              colsample_bytree=None, device=None, early_stopping_rounds=None,
              enable_categorical=False, eval_metric=None, feature_types=None,
              feature_weights=None, gamma=None, grow_policy=None,
              importance_type=None, interaction_constraints=None,
              learning_rate=0.1, max_bin=None, max_cat_threshold=None,
              max_cat_to_onehot=None, max_delta_step=None, max_depth=3,
              max_leaves=None, min_child_weight=None, missing=nan,
              monotone_constraints=None, multi_strategy=None, n_estimators=200,
              n_jobs=None, num_parallel_tree=None, ...)","{'learning_rate': 0.1, 'max_depth': 3, 'n_estimators': 200}"
