Dataset,Feature_Type,Model,Train_Accuracy,Test_Accuracy,CV_Score,Train_F1,Test_F1,Train_Loss,Test_Loss,Kappa,Overfitting_Gap,Best_Model,Scaler,Best_Params,y_test,y_pred,X_train,y_train,Final_Score,Rank,Recommendation
fis_balanced,tsfresh,XGBClassifier,0.88125,0.8625,0.7874312991732264,0.881675480736531,0.8630978721400998,0.3290245370541901,0.433150398219326,0.8166666666666667,0.018749999999999933,"XGBClassifier(base_score=None, booster=None, callbacks=None,
              colsample_bylevel=None, colsample_bynode=None,
              colsample_bytree=0.7, device=None, early_stopping_rounds=None,
              enable_categorical=False, eval_metric='mlogloss',
              feature_types=None, feature_weights=None, gamma=1,
              grow_policy=None, importance_type=None,
              interaction_constraints=None, learning_rate=0.05, max_bin=None,
              max_cat_threshold=None, max_cat_to_onehot=None,
              max_delta_step=None, max_depth=4, max_leaves=None,
              min_child_weight=None, missing=nan, monotone_constraints=None,
              multi_strategy=None, n_estimators=200, n_jobs=None,
              num_parallel_tree=None, ...)",StandardScaler(),"{'subsample': 0.8, 'reg_lambda': 1, 'reg_alpha': 0, 'n_estimators': 200, 'max_depth': 4, 'learning_rate': 0.05, 'gamma': 1, 'colsample_bytree': 0.7}","[2 1 0 0 2 0 3 1 2 0 1 3 3 1 2 3 1 3 2 2 3 0 2 1 1 2 0 1 0 2 0 1 3 2 0 3 2
 1 3 0 0 0 1 3 0 3 3 2 1 3 2 3 0 2 3 2 2 3 2 1 1 0 1 1 1 1 3 3 0 2 2 0 0 1
 3 1 2 0 0 3]","[2 1 0 1 2 0 3 1 2 0 1 2 3 1 0 3 1 3 2 2 3 1 2 1 1 2 0 0 0 2 1 1 3 2 0 3 2
 1 3 0 0 0 0 2 0 3 3 2 1 3 2 3 0 3 3 1 2 3 1 1 1 0 1 1 1 1 3 3 0 2 2 0 0 1
 3 1 2 0 0 3]","[[-0.08565186 -0.08734996 -0.54802977 ... -0.55249286 -0.55249286
  -0.55249286]
 [-0.1118051  -0.11352223 -0.36159504 ... -0.35801506 -0.35801506
  -0.35801506]
 [-1.47177351 -1.47448044 -1.07900573 ... -1.07854557 -1.07854557
  -1.07854557]
 ...
 [-0.97486197 -0.97720725 -0.53445766 ... -0.53904659 -0.53904659
  -0.53904659]
 [-0.7917893  -0.79400134 -1.07796356 ... -1.07751306 -1.07751306
  -1.07751306]
 [ 1.61430866  1.61384779  1.68677218 ...  1.66158787  1.66158787
   1.66158787]]","[1 2 0 3 2 0 0 3 0 2 2 1 3 1 2 0 2 3 1 3 0 2 0 3 2 1 2 0 1 3 3 1 1 1 1 2 0
 1 1 1 1 2 0 3 2 0 0 0 2 2 1 1 3 3 1 2 0 2 3 2 0 1 2 3 2 2 1 3 0 0 0 3 0 3
 1 3 2 1 2 3 2 2 0 3 2 3 0 0 2 0 1 0 2 2 0 0 3 2 3 0 1 0 2 3 3 1 3 2 1 2 1
 1 1 0 3 0 2 0 0 2 3 0 3 0 2 1 2 3 1 1 2 3 2 0 0 3 3 2 2 1 3 0 1 3 0 2 3 1
 0 2 2 3 3 3 1 1 0 3 0 0 3 3 2 3 0 2 3 1 2 0 2 0 0 2 3 3 0 1 2 0 1 2 3 0 1
 2 2 2 3 3 0 2 3 1 0 1 3 3 1 1 1 2 2 2 3 1 0 1 1 0 1 0 1 2 1 0 0 0 0 2 3 0
 0 0 1 2 2 3 2 0 3 2 2 1 1 1 2 1 1 3 0 0 0 0 0 3 3 3 3 2 3 3 1 2 2 0 3 3 0
 3 0 2 3 1 0 2 2 2 1 3 3 2 2 1 3 1 0 3 3 0 2 2 3 2 1 0 1 1 1 2 0 1 3 1 1 3
 1 2 0 1 3 1 1 1 1 1 1 3 1 3 3 0 3 2 1 0 1 0 0 3]",0.795139162911009,1,✅ Strong candidate
fis_balanced,tsfresh,RandomForestClassifier,0.91875,0.85,0.7877805808741863,0.9189283350430216,0.850891181988743,0.2849118866719239,0.4324329061882525,0.8,0.06874999999999998,"RandomForestClassifier(class_weight='balanced', max_depth=10,
                       min_samples_leaf=2, min_samples_split=10,
                       n_estimators=200)",StandardScaler(),"{'n_estimators': 200, 'min_samples_split': 10, 'min_samples_leaf': 2, 'max_features': 'sqrt', 'max_depth': 10, 'class_weight': 'balanced', 'bootstrap': True}","[2 1 0 0 2 0 3 1 2 0 1 3 3 1 2 3 1 3 2 2 3 0 2 1 1 2 0 1 0 2 0 1 3 2 0 3 2
 1 3 0 0 0 1 3 0 3 3 2 1 3 2 3 0 2 3 2 2 3 2 1 1 0 1 1 1 1 3 3 0 2 2 0 0 1
 3 1 2 0 0 3]","[2 2 0 1 2 0 3 1 2 0 1 2 3 1 2 3 1 3 2 2 3 1 2 1 1 2 0 1 0 2 1 0 3 2 0 3 2
 1 3 0 0 0 0 2 0 3 3 2 1 3 2 3 0 3 3 1 2 3 1 1 1 0 1 1 1 1 3 3 0 2 2 0 0 0
 3 1 2 0 0 3]","[[-0.08565186 -0.08734996 -0.54802977 ... -0.55249286 -0.55249286
  -0.55249286]
 [-0.1118051  -0.11352223 -0.36159504 ... -0.35801506 -0.35801506
  -0.35801506]
 [-1.47177351 -1.47448044 -1.07900573 ... -1.07854557 -1.07854557
  -1.07854557]
 ...
 [-0.97486197 -0.97720725 -0.53445766 ... -0.53904659 -0.53904659
  -0.53904659]
 [-0.7917893  -0.79400134 -1.07796356 ... -1.07751306 -1.07751306
  -1.07751306]
 [ 1.61430866  1.61384779  1.68677218 ...  1.66158787  1.66158787
   1.66158787]]","[1 2 0 3 2 0 0 3 0 2 2 1 3 1 2 0 2 3 1 3 0 2 0 3 2 1 2 0 1 3 3 1 1 1 1 2 0
 1 1 1 1 2 0 3 2 0 0 0 2 2 1 1 3 3 1 2 0 2 3 2 0 1 2 3 2 2 1 3 0 0 0 3 0 3
 1 3 2 1 2 3 2 2 0 3 2 3 0 0 2 0 1 0 2 2 0 0 3 2 3 0 1 0 2 3 3 1 3 2 1 2 1
 1 1 0 3 0 2 0 0 2 3 0 3 0 2 1 2 3 1 1 2 3 2 0 0 3 3 2 2 1 3 0 1 3 0 2 3 1
 0 2 2 3 3 3 1 1 0 3 0 0 3 3 2 3 0 2 3 1 2 0 2 0 0 2 3 3 0 1 2 0 1 2 3 0 1
 2 2 2 3 3 0 2 3 1 0 1 3 3 1 1 1 2 2 2 3 1 0 1 1 0 1 0 1 2 1 0 0 0 0 2 3 0
 0 0 1 2 2 3 2 0 3 2 2 1 1 1 2 1 1 3 0 0 0 0 0 3 3 3 3 2 3 3 1 2 2 0 3 3 0
 3 0 2 3 1 0 2 2 2 1 3 3 2 2 1 3 1 0 3 3 0 2 2 3 2 1 0 1 1 1 2 0 1 3 1 1 3
 1 2 0 1 3 1 1 1 1 1 1 3 1 3 3 0 3 2 1 0 1 0 0 3]",0.7108898826283139,2,✅ Strong candidate
fis_balanced,tsfresh,KNeighborsClassifier,0.875,0.825,0.8048547794612867,0.8755010383599455,0.8261663214386592,0.22908711989783645,3.7526493406293993,0.7666666666666666,0.050000000000000044,"KNeighborsClassifier(metric='manhattan', n_neighbors=3)",StandardScaler(),"{'weights': 'uniform', 'n_neighbors': 3, 'metric': 'manhattan'}","[2 1 0 0 2 0 3 1 2 0 1 3 3 1 2 3 1 3 2 2 3 0 2 1 1 2 0 1 0 2 0 1 3 2 0 3 2
 1 3 0 0 0 1 3 0 3 3 2 1 3 2 3 0 2 3 2 2 3 2 1 1 0 1 1 1 1 3 3 0 2 2 0 0 1
 3 1 2 0 0 3]","[2 2 0 1 2 0 3 1 2 0 1 2 3 1 0 3 1 3 2 2 3 1 2 1 1 2 0 1 0 2 1 0 3 2 0 3 2
 1 3 0 0 0 0 2 0 3 1 2 1 3 2 3 0 3 3 2 2 3 0 1 0 0 1 1 1 1 3 3 0 2 2 0 0 0
 3 1 2 0 0 3]","[[-0.08565186 -0.08734996 -0.54802977 ... -0.55249286 -0.55249286
  -0.55249286]
 [-0.1118051  -0.11352223 -0.36159504 ... -0.35801506 -0.35801506
  -0.35801506]
 [-1.47177351 -1.47448044 -1.07900573 ... -1.07854557 -1.07854557
  -1.07854557]
 ...
 [-0.97486197 -0.97720725 -0.53445766 ... -0.53904659 -0.53904659
  -0.53904659]
 [-0.7917893  -0.79400134 -1.07796356 ... -1.07751306 -1.07751306
  -1.07751306]
 [ 1.61430866  1.61384779  1.68677218 ...  1.66158787  1.66158787
   1.66158787]]","[1 2 0 3 2 0 0 3 0 2 2 1 3 1 2 0 2 3 1 3 0 2 0 3 2 1 2 0 1 3 3 1 1 1 1 2 0
 1 1 1 1 2 0 3 2 0 0 0 2 2 1 1 3 3 1 2 0 2 3 2 0 1 2 3 2 2 1 3 0 0 0 3 0 3
 1 3 2 1 2 3 2 2 0 3 2 3 0 0 2 0 1 0 2 2 0 0 3 2 3 0 1 0 2 3 3 1 3 2 1 2 1
 1 1 0 3 0 2 0 0 2 3 0 3 0 2 1 2 3 1 1 2 3 2 0 0 3 3 2 2 1 3 0 1 3 0 2 3 1
 0 2 2 3 3 3 1 1 0 3 0 0 3 3 2 3 0 2 3 1 2 0 2 0 0 2 3 3 0 1 2 0 1 2 3 0 1
 2 2 2 3 3 0 2 3 1 0 1 3 3 1 1 1 2 2 2 3 1 0 1 1 0 1 0 1 2 1 0 0 0 0 2 3 0
 0 0 1 2 2 3 2 0 3 2 2 1 1 1 2 1 1 3 0 0 0 0 0 3 3 3 3 2 3 3 1 2 2 0 3 3 0
 3 0 2 3 1 0 2 2 2 1 3 3 2 2 1 3 1 0 3 3 0 2 2 3 2 1 0 1 1 1 2 0 1 3 1 1 3
 1 2 0 1 3 1 1 1 1 1 1 3 1 3 3 0 3 2 1 0 1 0 0 3]",0.7097697972788577,3,✅ Strong candidate
fis_balanced,classical,XGBClassifier,0.8625,0.7375,0.6897962352435869,0.8614382640614149,0.7405006418485238,0.5504721931642489,0.7640493147670953,0.65,0.125,"XGBClassifier(base_score=None, booster=None, callbacks=None,
              colsample_bylevel=None, colsample_bynode=None,
              colsample_bytree=0.7, device=None, early_stopping_rounds=None,
              enable_categorical=False, eval_metric='mlogloss',
              feature_types=None, feature_weights=None, gamma=0,
              grow_policy=None, importance_type=None,
              interaction_constraints=None, learning_rate=0.05, max_bin=None,
              max_cat_threshold=None, max_cat_to_onehot=None,
              max_delta_step=None, max_depth=4, max_leaves=None,
              min_child_weight=None, missing=nan, monotone_constraints=None,
              multi_strategy=None, n_estimators=100, n_jobs=None,
              num_parallel_tree=None, ...)",StandardScaler(),"{'subsample': 0.7, 'reg_lambda': 5, 'reg_alpha': 1, 'n_estimators': 100, 'max_depth': 4, 'learning_rate': 0.05, 'gamma': 0, 'colsample_bytree': 0.7}","[2 1 0 0 2 0 3 1 2 0 1 3 3 1 2 3 1 3 2 2 3 0 2 1 1 2 0 1 0 2 0 1 3 2 0 3 2
 1 3 0 0 0 1 3 0 3 3 2 1 3 2 3 0 2 3 2 2 3 2 1 1 0 1 1 1 1 3 3 0 2 2 0 0 1
 3 1 2 0 0 3]","[2 1 0 2 2 0 1 1 2 0 1 3 3 1 2 3 2 3 2 2 3 1 1 2 0 2 0 1 0 0 0 0 3 1 0 3 2
 1 3 2 0 0 0 2 0 3 3 2 1 3 2 3 0 2 3 1 2 3 1 1 2 1 1 0 1 2 3 3 0 2 2 0 0 1
 3 1 0 0 1 3]","[[ 0.53208818  0.08265943  0.07697343 ...  0.12613532 -1.28349977
   0.33512077]
 [-0.52718415 -0.64737963 -0.278142   ...  0.3449343   0.48225023
  -0.43638028]
 [-0.035994    0.42812771  1.3220312  ...  0.90508213  2.02764925
   0.33512077]
 ...
 [ 1.39893149  1.13348662  1.06470222 ...  0.78178337 -0.45311663
   0.33512077]
 [-0.09535449  0.03900576  0.30828411 ...  0.22571302 -0.32454353
   0.33512077]
 [-0.59514984 -0.97571873 -1.34817611 ... -1.07181644  1.59514361
   0.33512077]]","[1 2 0 3 2 0 0 3 0 2 2 1 3 1 2 0 2 3 1 3 0 2 0 3 2 1 2 0 1 3 3 1 1 1 1 2 0
 1 1 1 1 2 0 3 2 0 0 0 2 2 1 1 3 3 1 2 0 2 3 2 0 1 2 3 2 2 1 3 0 0 0 3 0 3
 1 3 2 1 2 3 2 2 0 3 2 3 0 0 2 0 1 0 2 2 0 0 3 2 3 0 1 0 2 3 3 1 3 2 1 2 1
 1 1 0 3 0 2 0 0 2 3 0 3 0 2 1 2 3 1 1 2 3 2 0 0 3 3 2 2 1 3 0 1 3 0 2 3 1
 0 2 2 3 3 3 1 1 0 3 0 0 3 3 2 3 0 2 3 1 2 0 2 0 0 2 3 3 0 1 2 0 1 2 3 0 1
 2 2 2 3 3 0 2 3 1 0 1 3 3 1 1 1 2 2 2 3 1 0 1 1 0 1 0 1 2 1 0 0 0 0 2 3 0
 0 0 1 2 2 3 2 0 3 2 2 1 1 1 2 1 1 3 0 0 0 0 0 3 3 3 3 2 3 3 1 2 2 0 3 3 0
 3 0 2 3 1 0 2 2 2 1 3 3 2 2 1 3 1 0 3 3 0 2 2 3 2 1 0 1 1 1 2 0 1 3 1 1 3
 1 2 0 1 3 1 1 1 1 1 1 3 1 3 3 0 3 2 1 0 1 0 0 3]",0.5673445957486691,4,⚠️ High overfitting
fis_balanced,fi_tsfresh,XGBClassifier,0.840625,0.7125,0.538897747266805,0.8388825757575757,0.6983680057388809,0.5918090513892377,0.8851598750300551,0.6166666666666667,0.12812499999999993,"XGBClassifier(base_score=None, booster=None, callbacks=None,
              colsample_bylevel=None, colsample_bynode=None,
              colsample_bytree=0.7, device=None, early_stopping_rounds=None,
              enable_categorical=False, eval_metric='mlogloss',
              feature_types=None, feature_weights=None, gamma=1,
              grow_policy=None, importance_type=None,
              interaction_constraints=None, learning_rate=0.05, max_bin=None,
              max_cat_threshold=None, max_cat_to_onehot=None,
              max_delta_step=None, max_depth=4, max_leaves=None,
              min_child_weight=None, missing=nan, monotone_constraints=None,
              multi_strategy=None, n_estimators=200, n_jobs=None,
              num_parallel_tree=None, ...)",StandardScaler(),"{'subsample': 0.8, 'reg_lambda': 1, 'reg_alpha': 0, 'n_estimators': 200, 'max_depth': 4, 'learning_rate': 0.05, 'gamma': 1, 'colsample_bytree': 0.7}","[2 1 0 0 2 0 3 1 2 0 1 3 3 1 2 3 1 3 2 2 3 0 2 1 1 2 0 1 0 2 0 1 3 2 0 3 2
 1 3 0 0 0 1 3 0 3 3 2 1 3 2 3 0 2 3 2 2 3 2 1 1 0 1 1 1 1 3 3 0 2 2 0 0 1
 3 1 2 0 0 3]","[2 0 1 0 2 1 3 1 2 0 1 3 3 3 2 1 0 3 2 2 3 0 2 2 2 2 0 1 0 2 0 2 3 2 2 3 2
 3 3 0 0 0 2 3 0 3 2 2 1 3 0 3 0 2 3 2 2 3 2 3 1 1 0 2 1 0 3 3 1 1 2 0 0 1
 1 0 2 0 0 3]","[[ 0.31118993  0.43995928  0.25592422 ... -0.19738551 -0.27170849
  -0.47545099]
 [-0.54965938 -0.5156451  -0.49020395 ... -0.19738551 -0.27170849
  -0.47545099]
 [-0.16448783  0.00800979  0.08597775 ... -0.19738551 -0.27170849
  -0.47545099]
 ...
 [ 1.33612462  1.43460004  1.47428296 ... -0.19738551 -0.27170849
  -0.47545099]
 [-0.24370393 -0.15689326 -0.27411432 ... -0.19738551 -0.27170849
  -0.47545099]
 [-0.59946643 -0.61343608 -0.6423402  ... -0.19738551 -0.27170849
   2.10326623]]","[1 2 0 3 2 0 0 3 0 2 2 1 3 1 2 0 2 3 1 3 0 2 0 3 2 1 2 0 1 3 3 1 1 1 1 2 0
 1 1 1 1 2 0 3 2 0 0 0 2 2 1 1 3 3 1 2 0 2 3 2 0 1 2 3 2 2 1 3 0 0 0 3 0 3
 1 3 2 1 2 3 2 2 0 3 2 3 0 0 2 0 1 0 2 2 0 0 3 2 3 0 1 0 2 3 3 1 3 2 1 2 1
 1 1 0 3 0 2 0 0 2 3 0 3 0 2 1 2 3 1 1 2 3 2 0 0 3 3 2 2 1 3 0 1 3 0 2 3 1
 0 2 2 3 3 3 1 1 0 3 0 0 3 3 2 3 0 2 3 1 2 0 2 0 0 2 3 3 0 1 2 0 1 2 3 0 1
 2 2 2 3 3 0 2 3 1 0 1 3 3 1 1 1 2 2 2 3 1 0 1 1 0 1 0 1 2 1 0 0 0 0 2 3 0
 0 0 1 2 2 3 2 0 3 2 2 1 1 1 2 1 1 3 0 0 0 0 0 3 3 3 3 2 3 3 1 2 2 0 3 3 0
 3 0 2 3 1 0 2 2 2 1 3 3 2 2 1 3 1 0 3 3 0 2 2 3 2 1 0 1 1 1 2 0 1 3 1 1 3
 1 2 0 1 3 1 1 1 1 1 1 3 1 3 3 0 3 2 1 0 1 0 0 3]",0.5191766635247411,5,⚠️ High overfitting
fis_balanced,classical,DecisionTreeClassifier,0.83125,0.6875,0.6350528475368167,0.8317126446821979,0.6888016710538131,0.3640094321191202,4.509641457284656,0.5833333333333333,0.14375000000000004,"DecisionTreeClassifier(max_depth=7, min_samples_leaf=2, min_samples_split=5)",StandardScaler(),"{'min_samples_split': 5, 'min_samples_leaf': 2, 'max_depth': 7, 'criterion': 'gini'}","[2 1 0 0 2 0 3 1 2 0 1 3 3 1 2 3 1 3 2 2 3 0 2 1 1 2 0 1 0 2 0 1 3 2 0 3 2
 1 3 0 0 0 1 3 0 3 3 2 1 3 2 3 0 2 3 2 2 3 2 1 1 0 1 1 1 1 3 3 0 2 2 0 0 1
 3 1 2 0 0 3]","[1 1 0 2 2 0 2 1 0 0 1 0 3 2 2 3 3 3 0 2 2 1 1 2 1 2 0 1 0 2 2 0 1 1 0 3 2
 0 3 0 0 0 0 2 0 3 3 2 1 3 2 3 0 2 3 3 2 3 2 1 2 1 1 0 1 2 3 3 0 2 2 0 0 1
 3 1 2 0 1 3]","[[ 0.53208818  0.08265943  0.07697343 ...  0.12613532 -1.28349977
   0.33512077]
 [-0.52718415 -0.64737963 -0.278142   ...  0.3449343   0.48225023
  -0.43638028]
 [-0.035994    0.42812771  1.3220312  ...  0.90508213  2.02764925
   0.33512077]
 ...
 [ 1.39893149  1.13348662  1.06470222 ...  0.78178337 -0.45311663
   0.33512077]
 [-0.09535449  0.03900576  0.30828411 ...  0.22571302 -0.32454353
   0.33512077]
 [-0.59514984 -0.97571873 -1.34817611 ... -1.07181644  1.59514361
   0.33512077]]","[1 2 0 3 2 0 0 3 0 2 2 1 3 1 2 0 2 3 1 3 0 2 0 3 2 1 2 0 1 3 3 1 1 1 1 2 0
 1 1 1 1 2 0 3 2 0 0 0 2 2 1 1 3 3 1 2 0 2 3 2 0 1 2 3 2 2 1 3 0 0 0 3 0 3
 1 3 2 1 2 3 2 2 0 3 2 3 0 0 2 0 1 0 2 2 0 0 3 2 3 0 1 0 2 3 3 1 3 2 1 2 1
 1 1 0 3 0 2 0 0 2 3 0 3 0 2 1 2 3 1 1 2 3 2 0 0 3 3 2 2 1 3 0 1 3 0 2 3 1
 0 2 2 3 3 3 1 1 0 3 0 0 3 3 2 3 0 2 3 1 2 0 2 0 0 2 3 3 0 1 2 0 1 2 3 0 1
 2 2 2 3 3 0 2 3 1 0 1 3 3 1 1 1 2 2 2 3 1 0 1 1 0 1 0 1 2 1 0 0 0 0 2 3 0
 0 0 1 2 2 3 2 0 3 2 2 1 1 1 2 1 1 3 0 0 0 0 0 3 3 3 3 2 3 3 1 2 2 0 3 3 0
 3 0 2 3 1 0 2 2 2 1 3 3 2 2 1 3 1 0 3 3 0 2 2 3 2 1 0 1 1 1 2 0 1 3 1 1 3
 1 2 0 1 3 1 1 1 1 1 1 3 1 3 3 0 3 2 1 0 1 0 0 3]",0.49620834489397575,6,⚠️ High overfitting
fis,tsfresh,LogisticRegression,0.7215909090909091,0.6222222222222222,0.6531619400579552,0.7019332422568936,0.6187444739168877,0.7127111032488066,0.9857769506791074,0.44844989185291995,0.09936868686868683,"LogisticRegression(C=np.float64(0.1668100537200059), max_iter=2000,
                   penalty='l2')",StandardScaler(),"{'solver': 'lbfgs', 'penalty': 'l2', 'max_iter': 2000, 'class_weight': None, 'C': np.float64(0.1668100537200059)}","[3 1 2 0 1 1 0 1 2 0 0 1 3 0 1 0 0 2 1 1 1 0 1 0 1 2 2 1 0 2 1 1 1 3 0 0 0
 1 2 1 0 3 3 1 1]","[3 0 0 2 2 1 0 1 2 0 0 2 3 0 1 1 1 0 0 1 1 0 1 0 1 1 1 0 1 2 1 1 1 3 1 0 0
 1 3 1 0 2 3 0 1]","[[ 0.6358655   1.17961813  1.61423005 ...  1.07346794  0.77711803
  -0.77897059]
 [-0.09484587  0.11325078  0.22300831 ...  0.15611419  0.1000298
  -0.5556826 ]
 [ 1.07264017  1.08380229  1.49832432 ...  1.29973095  0.63409721
  -1.22554656]
 ...
 [-1.67032632 -1.78121842 -1.33905466 ... -1.34956719 -1.61356372
   2.41085779]
 [ 1.40764428  0.84930407  1.25824126 ...  1.93046791  0.96596242
  -1.89541052]
 [ 0.37804933  0.18602004 -0.3114997  ... -0.44741148  1.21706793
  -0.23669977]]","[0 0 0 1 1 0 3 2 1 1 1 1 0 3 1 1 1 0 2 2 1 1 0 1 3 2 0 1 1 0 0 0 1 2 0 1 1
 1 0 0 3 1 2 1 0 0 1 2 1 0 2 1 1 1 2 1 1 0 3 0 0 1 3 0 1 0 1 1 0 0 1 1 3 1
 0 1 3 1 0 1 1 0 2 0 0 1 1 1 2 1 0 1 2 0 0 3 0 0 1 3 1 1 0 1 1 0 2 1 2 1 0
 2 0 1 1 3 1 1 2 3 0 1 2 1 3 3 0 1 0 2 2 0 0 0 3 0 1 1 1 2 0 1 0 0 1 1 1 0
 1 0 1 2 2 1 2 2 0 1 1 1 1 2 2 1 1 1 0 0 2 1 1 3 3 3 0 1]",0.4842765711040769,7,Consider
fis,classical,XGBClassifier,0.8011363636363636,0.6666666666666666,0.574349582172976,0.7894268824213543,0.6582716049382715,0.5485264615141232,0.9663306520775731,0.4947604790419161,0.13446969696969702,"XGBClassifier(base_score=None, booster=None, callbacks=None,
              colsample_bylevel=None, colsample_bynode=None,
              colsample_bytree=0.7, device=None, early_stopping_rounds=None,
              enable_categorical=False, eval_metric='mlogloss',
              feature_types=None, feature_weights=None, gamma=1,
              grow_policy=None, importance_type=None,
              interaction_constraints=None, learning_rate=0.05, max_bin=None,
              max_cat_threshold=None, max_cat_to_onehot=None,
              max_delta_step=None, max_depth=4, max_leaves=None,
              min_child_weight=None, missing=nan, monotone_constraints=None,
              multi_strategy=None, n_estimators=200, n_jobs=None,
              num_parallel_tree=None, ...)",StandardScaler(),"{'subsample': 0.8, 'reg_lambda': 1, 'reg_alpha': 0, 'n_estimators': 200, 'max_depth': 4, 'learning_rate': 0.05, 'gamma': 1, 'colsample_bytree': 0.7}","[3 1 2 0 1 1 0 1 2 0 0 1 3 0 1 0 0 2 1 1 1 0 1 0 1 2 2 1 0 2 1 1 1 3 0 0 0
 1 2 1 0 3 3 1 1]","[3 1 1 1 1 1 1 1 1 0 1 2 3 0 1 1 1 0 1 1 0 0 1 0 1 2 2 1 1 1 1 1 1 3 1 0 0
 0 2 1 0 2 3 1 1]","[[-0.34817724  0.21782166  0.69767138 ...  0.51089259 -0.30406325
   0.29325212]
 [-0.31833436 -0.326103   -0.01515366 ... -0.4725851  -0.25284464
   0.29325212]
 [-0.15844034 -0.06165977  0.51873145 ...  0.06971247  1.62793803
  -2.4520869 ]
 ...
 [-1.23855995 -1.40939083 -1.63487304 ... -1.45552842 -0.98917564
   0.29325212]
 [-0.00356439 -0.11110055  0.81565345 ...  0.0568287   1.84088954
   0.29325212]
 [ 1.99478281  1.54218629  0.93085553 ...  1.5078395  -0.55439994
   0.29325212]]","[0 0 0 1 1 0 3 2 1 1 1 1 0 3 1 1 1 0 2 2 1 1 0 1 3 2 0 1 1 0 0 0 1 2 0 1 1
 1 0 0 3 1 2 1 0 0 1 2 1 0 2 1 1 1 2 1 1 0 3 0 0 1 3 0 1 0 1 1 0 0 1 1 3 1
 0 1 3 1 0 1 1 0 2 0 0 1 1 1 2 1 0 1 2 0 0 3 0 0 1 3 1 1 0 1 1 0 2 1 2 1 0
 2 0 1 1 3 1 1 2 3 0 1 2 1 3 3 0 1 0 2 2 0 0 0 3 0 1 1 1 2 0 1 0 0 1 1 1 0
 1 0 1 2 2 1 2 2 0 1 1 1 1 2 2 1 1 1 0 0 2 1 1 3 3 3 0 1]",0.47647791431809,8,⚠️ High overfitting
fis,classical,AdaBoostClassifier,0.5681818181818182,0.5333333333333333,0.503281686657451,0.5135866385866386,0.49306742640075973,1.3210893701563917,1.3288600615044686,0.290007513148009,0.034848484848484906,"AdaBoostClassifier(learning_rate=0.05, n_estimators=200)",StandardScaler(),"{'n_estimators': 200, 'learning_rate': 0.05}","[3 1 2 0 1 1 0 1 2 0 0 1 3 0 1 0 0 2 1 1 1 0 1 0 1 2 2 1 0 2 1 1 1 3 0 0 0
 1 2 1 0 3 3 1 1]","[3 0 0 1 0 1 0 0 1 0 1 1 3 0 0 0 1 0 1 0 0 0 1 0 1 1 1 0 1 1 1 1 0 3 0 0 0
 0 1 1 0 1 3 1 1]","[[-0.34817724  0.21782166  0.69767138 ...  0.51089259 -0.30406325
   0.29325212]
 [-0.31833436 -0.326103   -0.01515366 ... -0.4725851  -0.25284464
   0.29325212]
 [-0.15844034 -0.06165977  0.51873145 ...  0.06971247  1.62793803
  -2.4520869 ]
 ...
 [-1.23855995 -1.40939083 -1.63487304 ... -1.45552842 -0.98917564
   0.29325212]
 [-0.00356439 -0.11110055  0.81565345 ...  0.0568287   1.84088954
   0.29325212]
 [ 1.99478281  1.54218629  0.93085553 ...  1.5078395  -0.55439994
   0.29325212]]","[0 0 0 1 1 0 3 2 1 1 1 1 0 3 1 1 1 0 2 2 1 1 0 1 3 2 0 1 1 0 0 0 1 2 0 1 1
 1 0 0 3 1 2 1 0 0 1 2 1 0 2 1 1 1 2 1 1 0 3 0 0 1 3 0 1 0 1 1 0 0 1 1 3 1
 0 1 3 1 0 1 1 0 2 0 0 1 1 1 2 1 0 1 2 0 0 3 0 0 1 3 1 1 0 1 1 0 2 1 2 1 0
 2 0 1 1 3 1 1 2 3 0 1 2 1 3 3 0 1 0 2 2 0 0 0 3 0 1 1 1 2 0 1 0 0 1 1 1 0
 1 0 1 2 2 1 2 2 0 1 1 1 1 2 2 1 1 1 0 0 2 1 1 3 3 3 0 1]",0.4654257762654742,9,❌ Low accuracy
fis,classical,RandomForestClassifier,0.7784090909090909,0.6444444444444445,0.607711162444776,0.7652545341794987,0.6119028448738594,0.5642112675849718,0.9675466329158462,0.4499618029029794,0.13396464646464645,"RandomForestClassifier(max_depth=10, max_features='log2', min_samples_leaf=4,
                       min_samples_split=5, n_estimators=200)",StandardScaler(),"{'n_estimators': 200, 'min_samples_split': 5, 'min_samples_leaf': 4, 'max_features': 'log2', 'max_depth': 10, 'class_weight': None, 'bootstrap': True}","[3 1 2 0 1 1 0 1 2 0 0 1 3 0 1 0 0 2 1 1 1 0 1 0 1 2 2 1 0 2 1 1 1 3 0 0 0
 1 2 1 0 3 3 1 1]","[3 1 1 1 1 1 1 1 1 0 1 2 3 0 1 1 1 0 1 1 0 0 1 0 1 2 1 1 1 1 1 1 1 3 1 0 0
 1 3 1 0 1 3 1 1]","[[-0.34817724  0.21782166  0.69767138 ...  0.51089259 -0.30406325
   0.29325212]
 [-0.31833436 -0.326103   -0.01515366 ... -0.4725851  -0.25284464
   0.29325212]
 [-0.15844034 -0.06165977  0.51873145 ...  0.06971247  1.62793803
  -2.4520869 ]
 ...
 [-1.23855995 -1.40939083 -1.63487304 ... -1.45552842 -0.98917564
   0.29325212]
 [-0.00356439 -0.11110055  0.81565345 ...  0.0568287   1.84088954
   0.29325212]
 [ 1.99478281  1.54218629  0.93085553 ...  1.5078395  -0.55439994
   0.29325212]]","[0 0 0 1 1 0 3 2 1 1 1 1 0 3 1 1 1 0 2 2 1 1 0 1 3 2 0 1 1 0 0 0 1 2 0 1 1
 1 0 0 3 1 2 1 0 0 1 2 1 0 2 1 1 1 2 1 1 0 3 0 0 1 3 0 1 0 1 1 0 0 1 1 3 1
 0 1 3 1 0 1 1 0 2 0 0 1 1 1 2 1 0 1 2 0 0 3 0 0 1 3 1 1 0 1 1 0 2 1 2 1 0
 2 0 1 1 3 1 1 2 3 0 1 2 1 3 3 0 1 0 2 2 0 0 0 3 0 1 1 1 2 0 1 0 0 1 1 1 0
 1 0 1 2 2 1 2 2 0 1 1 1 1 2 2 1 1 1 0 0 2 1 1 3 3 3 0 1]",0.4591828906356863,10,⚠️ High overfitting
fis,tsfresh,AdaBoostClassifier,0.6988636363636364,0.6,0.6450399674399675,0.6420399155343414,0.549275604192992,1.323435097631426,1.337413487832433,0.3950709484690067,0.09886363636363638,"AdaBoostClassifier(learning_rate=0.1, n_estimators=200)",StandardScaler(),"{'n_estimators': 200, 'learning_rate': 0.1}","[3 1 2 0 1 1 0 1 2 0 0 1 3 0 1 0 0 2 1 1 1 0 1 0 1 2 2 1 0 2 1 1 1 3 0 0 0
 1 2 1 0 3 3 1 1]","[3 0 0 1 1 1 0 1 1 0 0 3 3 0 1 1 0 0 0 1 0 0 1 0 1 1 1 0 1 1 1 1 1 3 1 0 0
 1 3 1 0 1 3 0 1]","[[ 0.6358655   1.17961813  1.61423005 ...  1.07346794  0.77711803
  -0.77897059]
 [-0.09484587  0.11325078  0.22300831 ...  0.15611419  0.1000298
  -0.5556826 ]
 [ 1.07264017  1.08380229  1.49832432 ...  1.29973095  0.63409721
  -1.22554656]
 ...
 [-1.67032632 -1.78121842 -1.33905466 ... -1.34956719 -1.61356372
   2.41085779]
 [ 1.40764428  0.84930407  1.25824126 ...  1.93046791  0.96596242
  -1.89541052]
 [ 0.37804933  0.18602004 -0.3114997  ... -0.44741148  1.21706793
  -0.23669977]]","[0 0 0 1 1 0 3 2 1 1 1 1 0 3 1 1 1 0 2 2 1 1 0 1 3 2 0 1 1 0 0 0 1 2 0 1 1
 1 0 0 3 1 2 1 0 0 1 2 1 0 2 1 1 1 2 1 1 0 3 0 0 1 3 0 1 0 1 1 0 0 1 1 3 1
 0 1 3 1 0 1 1 0 2 0 0 1 1 1 2 1 0 1 2 0 0 3 0 0 1 3 1 1 0 1 1 0 2 1 2 1 0
 2 0 1 1 3 1 1 2 3 0 1 2 1 3 3 0 1 0 2 2 0 0 0 3 0 1 1 1 2 0 1 0 0 1 1 1 0
 1 0 1 2 2 1 2 2 0 1 1 1 1 2 2 1 1 1 0 0 2 1 1 3 3 3 0 1]",0.454983987073334,11,Consider
fis_balanced,classical,LogisticRegression,0.65,0.5625,0.6129363318602308,0.6411531279178339,0.5520050125313284,0.8417096892555993,0.850293996922505,0.41666666666666663,0.08750000000000002,"LogisticRegression(C=np.float64(10.0), max_iter=2000, penalty='l2')",StandardScaler(),"{'solver': 'lbfgs', 'penalty': 'l2', 'max_iter': 2000, 'class_weight': None, 'C': np.float64(10.0)}","[2 1 0 0 2 0 3 1 2 0 1 3 3 1 2 3 1 3 2 2 3 0 2 1 1 2 0 1 0 2 0 1 3 2 0 3 2
 1 3 0 0 0 1 3 0 3 3 2 1 3 2 3 0 2 3 2 2 3 2 1 1 0 1 1 1 1 3 3 0 2 2 0 0 1
 3 1 2 0 0 3]","[2 1 0 1 3 1 3 2 1 0 1 3 2 0 2 3 2 3 0 2 3 0 1 2 1 3 0 1 0 0 1 1 1 1 0 3 2
 0 3 1 0 0 2 3 0 3 3 1 2 2 3 3 1 3 3 1 2 3 0 2 2 0 2 0 2 2 3 3 0 2 3 0 0 1
 3 1 0 0 0 3]","[[ 0.53208818  0.08265943  0.07697343 ...  0.12613532 -1.28349977
   0.33512077]
 [-0.52718415 -0.64737963 -0.278142   ...  0.3449343   0.48225023
  -0.43638028]
 [-0.035994    0.42812771  1.3220312  ...  0.90508213  2.02764925
   0.33512077]
 ...
 [ 1.39893149  1.13348662  1.06470222 ...  0.78178337 -0.45311663
   0.33512077]
 [-0.09535449  0.03900576  0.30828411 ...  0.22571302 -0.32454353
   0.33512077]
 [-0.59514984 -0.97571873 -1.34817611 ... -1.07181644  1.59514361
   0.33512077]]","[1 2 0 3 2 0 0 3 0 2 2 1 3 1 2 0 2 3 1 3 0 2 0 3 2 1 2 0 1 3 3 1 1 1 1 2 0
 1 1 1 1 2 0 3 2 0 0 0 2 2 1 1 3 3 1 2 0 2 3 2 0 1 2 3 2 2 1 3 0 0 0 3 0 3
 1 3 2 1 2 3 2 2 0 3 2 3 0 0 2 0 1 0 2 2 0 0 3 2 3 0 1 0 2 3 3 1 3 2 1 2 1
 1 1 0 3 0 2 0 0 2 3 0 3 0 2 1 2 3 1 1 2 3 2 0 0 3 3 2 2 1 3 0 1 3 0 2 3 1
 0 2 2 3 3 3 1 1 0 3 0 0 3 3 2 3 0 2 3 1 2 0 2 0 0 2 3 3 0 1 2 0 1 2 3 0 1
 2 2 2 3 3 0 2 3 1 0 1 3 3 1 1 1 2 2 2 3 1 0 1 1 0 1 0 1 2 1 0 0 0 0 2 3 0
 0 0 1 2 2 3 2 0 3 2 2 1 1 1 2 1 1 3 0 0 0 0 0 3 3 3 3 2 3 3 1 2 2 0 3 3 0
 3 0 2 3 1 0 2 2 2 1 3 3 2 2 1 3 1 0 3 3 0 2 2 3 2 1 0 1 1 1 2 0 1 3 1 1 3
 1 2 0 1 3 1 1 1 1 1 1 3 1 3 3 0 3 2 1 0 1 0 0 3]",0.44119170291186666,12,❌ Low accuracy
fis_balanced,classical,AdaBoostClassifier,0.64375,0.5625,0.5502169694380216,0.6465701231827152,0.564696215209694,1.3289569441625735,1.334108118249818,0.41666666666666663,0.08125000000000004,"AdaBoostClassifier(learning_rate=0.1, n_estimators=200)",StandardScaler(),"{'n_estimators': 200, 'learning_rate': 0.1}","[2 1 0 0 2 0 3 1 2 0 1 3 3 1 2 3 1 3 2 2 3 0 2 1 1 2 0 1 0 2 0 1 3 2 0 3 2
 1 3 0 0 0 1 3 0 3 3 2 1 3 2 3 0 2 3 2 2 3 2 1 1 0 1 1 1 1 3 3 0 2 2 0 0 1
 3 1 2 0 0 3]","[2 1 0 1 2 0 1 2 1 0 1 3 2 1 2 3 2 3 1 2 3 1 3 2 0 2 0 0 0 0 1 0 3 3 0 3 2
 3 2 2 0 1 0 2 0 3 3 0 1 2 2 3 0 2 3 1 1 3 1 2 2 1 1 0 1 2 3 3 0 2 2 0 0 1
 3 2 0 0 1 3]","[[ 0.53208818  0.08265943  0.07697343 ...  0.12613532 -1.28349977
   0.33512077]
 [-0.52718415 -0.64737963 -0.278142   ...  0.3449343   0.48225023
  -0.43638028]
 [-0.035994    0.42812771  1.3220312  ...  0.90508213  2.02764925
   0.33512077]
 ...
 [ 1.39893149  1.13348662  1.06470222 ...  0.78178337 -0.45311663
   0.33512077]
 [-0.09535449  0.03900576  0.30828411 ...  0.22571302 -0.32454353
   0.33512077]
 [-0.59514984 -0.97571873 -1.34817611 ... -1.07181644  1.59514361
   0.33512077]]","[1 2 0 3 2 0 0 3 0 2 2 1 3 1 2 0 2 3 1 3 0 2 0 3 2 1 2 0 1 3 3 1 1 1 1 2 0
 1 1 1 1 2 0 3 2 0 0 0 2 2 1 1 3 3 1 2 0 2 3 2 0 1 2 3 2 2 1 3 0 0 0 3 0 3
 1 3 2 1 2 3 2 2 0 3 2 3 0 0 2 0 1 0 2 2 0 0 3 2 3 0 1 0 2 3 3 1 3 2 1 2 1
 1 1 0 3 0 2 0 0 2 3 0 3 0 2 1 2 3 1 1 2 3 2 0 0 3 3 2 2 1 3 0 1 3 0 2 3 1
 0 2 2 3 3 3 1 1 0 3 0 0 3 3 2 3 0 2 3 1 2 0 2 0 0 2 3 3 0 1 2 0 1 2 3 0 1
 2 2 2 3 3 0 2 3 1 0 1 3 3 1 1 1 2 2 2 3 1 0 1 1 0 1 0 1 2 1 0 0 0 0 2 3 0
 0 0 1 2 2 3 2 0 3 2 2 1 1 1 2 1 1 3 0 0 0 0 0 3 3 3 3 2 3 3 1 2 2 0 3 3 0
 3 0 2 3 1 0 2 2 2 1 3 3 2 2 1 3 1 0 3 3 0 2 2 3 2 1 0 1 1 1 2 0 1 3 1 1 3
 1 2 0 1 3 1 1 1 1 1 1 3 1 3 3 0 3 2 1 0 1 0 0 3]",0.4399565992181267,13,❌ Low accuracy
fis_balanced,fi_tsfresh,LogisticRegression,0.534375,0.4875,0.47888260518984327,0.5296928515827711,0.47182719241542764,1.0622067470506373,1.187707692725626,0.31666666666666665,0.046875000000000056,"LogisticRegression(C=np.float64(1.2915496650148828), max_iter=2000,
                   penalty='l2')",StandardScaler(),"{'solver': 'lbfgs', 'penalty': 'l2', 'max_iter': 2000, 'class_weight': None, 'C': np.float64(1.2915496650148828)}","[2 1 0 0 2 0 3 1 2 0 1 3 3 1 2 3 1 3 2 2 3 0 2 1 1 2 0 1 0 2 0 1 3 2 0 3 2
 1 3 0 0 0 1 3 0 3 3 2 1 3 2 3 0 2 3 2 2 3 2 1 1 0 1 1 1 1 3 3 0 2 2 0 0 1
 3 1 2 0 0 3]","[2 3 2 0 2 0 3 0 0 0 1 3 3 3 3 3 0 3 2 2 3 1 3 1 2 2 0 1 0 1 0 2 3 3 1 0 3
 3 0 1 2 0 2 3 0 0 2 2 0 3 0 3 0 2 3 2 2 0 2 3 1 1 2 2 3 0 3 3 1 1 2 2 1 3
 3 2 1 2 1 3]","[[ 0.31118993  0.43995928  0.25592422 ... -0.19738551 -0.27170849
  -0.47545099]
 [-0.54965938 -0.5156451  -0.49020395 ... -0.19738551 -0.27170849
  -0.47545099]
 [-0.16448783  0.00800979  0.08597775 ... -0.19738551 -0.27170849
  -0.47545099]
 ...
 [ 1.33612462  1.43460004  1.47428296 ... -0.19738551 -0.27170849
  -0.47545099]
 [-0.24370393 -0.15689326 -0.27411432 ... -0.19738551 -0.27170849
  -0.47545099]
 [-0.59946643 -0.61343608 -0.6423402  ... -0.19738551 -0.27170849
   2.10326623]]","[1 2 0 3 2 0 0 3 0 2 2 1 3 1 2 0 2 3 1 3 0 2 0 3 2 1 2 0 1 3 3 1 1 1 1 2 0
 1 1 1 1 2 0 3 2 0 0 0 2 2 1 1 3 3 1 2 0 2 3 2 0 1 2 3 2 2 1 3 0 0 0 3 0 3
 1 3 2 1 2 3 2 2 0 3 2 3 0 0 2 0 1 0 2 2 0 0 3 2 3 0 1 0 2 3 3 1 3 2 1 2 1
 1 1 0 3 0 2 0 0 2 3 0 3 0 2 1 2 3 1 1 2 3 2 0 0 3 3 2 2 1 3 0 1 3 0 2 3 1
 0 2 2 3 3 3 1 1 0 3 0 0 3 3 2 3 0 2 3 1 2 0 2 0 0 2 3 3 0 1 2 0 1 2 3 0 1
 2 2 2 3 3 0 2 3 1 0 1 3 3 1 1 1 2 2 2 3 1 0 1 1 0 1 0 1 2 1 0 0 0 0 2 3 0
 0 0 1 2 2 3 2 0 3 2 2 1 1 1 2 1 1 3 0 0 0 0 0 3 3 3 3 2 3 3 1 2 2 0 3 3 0
 3 0 2 3 1 0 2 2 2 1 3 3 2 2 1 3 1 0 3 3 0 2 2 3 2 1 0 1 1 1 2 0 1 3 1 1 3
 1 2 0 1 3 1 1 1 1 1 1 3 1 3 3 0 3 2 1 0 1 0 0 3]",0.4335391888823334,14,❌ Low accuracy
fis,fi_tsfresh,LogisticRegression,0.4943181818181818,0.4666666666666667,0.4020031377226676,0.4474402876415875,0.41709876543209873,1.0831114367737849,1.221717987507626,0.152276295133438,0.02765151515151515,"LogisticRegression(C=np.float64(1.2915496650148828), max_iter=2000,
                   penalty='l2')",StandardScaler(),"{'solver': 'lbfgs', 'penalty': 'l2', 'max_iter': 2000, 'class_weight': None, 'C': np.float64(1.2915496650148828)}","[3 1 2 0 1 1 0 1 2 0 0 1 3 0 1 0 0 2 1 1 1 0 1 0 1 2 2 1 0 2 1 1 1 3 0 0 0
 1 2 1 0 3 3 1 1]","[1 1 0 1 0 1 0 0 1 1 1 0 0 0 0 1 0 1 1 1 1 0 1 0 1 1 0 1 1 0 1 0 0 1 0 0 1
 1 1 1 1 0 3 1 1]","[[-0.39044169 -0.21561947  0.04073268 ... -0.34676146 -0.23214697
  -0.4163332 ]
 [-0.40593884 -0.33490663 -0.3648235  ... -0.31691826 -0.23214697
  -0.4163332 ]
 [-0.30864304 -0.24143573 -0.36418787 ... -0.17607033 -0.23214697
  -0.4163332 ]
 ...
 [-0.9823262  -1.28003002 -1.34440397 ... -1.23715388 -0.23214697
  -0.4163332 ]
 [-0.13442321  0.05322165  0.15937397 ... -0.00214485 -0.23214697
  -0.4163332 ]
 [ 2.12415994  1.987131    1.9409692  ...  1.99622415 -0.23214697
  -0.4163332 ]]","[0 0 0 1 1 0 3 2 1 1 1 1 0 3 1 1 1 0 2 2 1 1 0 1 3 2 0 1 1 0 0 0 1 2 0 1 1
 1 0 0 3 1 2 1 0 0 1 2 1 0 2 1 1 1 2 1 1 0 3 0 0 1 3 0 1 0 1 1 0 0 1 1 3 1
 0 1 3 1 0 1 1 0 2 0 0 1 1 1 2 1 0 1 2 0 0 3 0 0 1 3 1 1 0 1 1 0 2 1 2 1 0
 2 0 1 1 3 1 1 2 3 0 1 2 1 3 3 0 1 0 2 2 0 0 0 3 0 1 1 1 2 0 1 0 0 1 1 1 0
 1 0 1 2 2 1 2 2 0 1 1 1 1 2 2 1 1 1 0 0 2 1 1 3 3 3 0 1]",0.39790849534975814,15,❌ Low accuracy
fis_balanced,fi_tsfresh,AdaBoostClassifier,0.46875,0.4375,0.41049976939911764,0.4295401569446124,0.38916666666666666,1.3447157387651123,1.350922244029578,0.25,0.03125,"AdaBoostClassifier(learning_rate=0.1, n_estimators=200)",StandardScaler(),"{'n_estimators': 200, 'learning_rate': 0.1}","[2 1 0 0 2 0 3 1 2 0 1 3 3 1 2 3 1 3 2 2 3 0 2 1 1 2 0 1 0 2 0 1 3 2 0 3 2
 1 3 0 0 0 1 3 0 3 3 2 1 3 2 3 0 2 3 2 2 3 2 1 1 0 1 1 1 1 3 3 0 2 2 0 0 1
 3 1 2 0 0 3]","[2 0 2 0 2 2 3 0 1 0 0 3 3 3 0 3 2 3 0 0 3 1 2 0 2 2 2 0 2 3 0 2 3 2 2 2 0
 3 2 2 2 0 2 0 0 2 2 2 0 3 0 3 0 2 3 2 0 2 0 3 0 0 0 0 3 0 3 3 0 0 2 0 0 3
 3 2 2 2 0 3]","[[ 0.31118993  0.43995928  0.25592422 ... -0.19738551 -0.27170849
  -0.47545099]
 [-0.54965938 -0.5156451  -0.49020395 ... -0.19738551 -0.27170849
  -0.47545099]
 [-0.16448783  0.00800979  0.08597775 ... -0.19738551 -0.27170849
  -0.47545099]
 ...
 [ 1.33612462  1.43460004  1.47428296 ... -0.19738551 -0.27170849
  -0.47545099]
 [-0.24370393 -0.15689326 -0.27411432 ... -0.19738551 -0.27170849
  -0.47545099]
 [-0.59946643 -0.61343608 -0.6423402  ... -0.19738551 -0.27170849
   2.10326623]]","[1 2 0 3 2 0 0 3 0 2 2 1 3 1 2 0 2 3 1 3 0 2 0 3 2 1 2 0 1 3 3 1 1 1 1 2 0
 1 1 1 1 2 0 3 2 0 0 0 2 2 1 1 3 3 1 2 0 2 3 2 0 1 2 3 2 2 1 3 0 0 0 3 0 3
 1 3 2 1 2 3 2 2 0 3 2 3 0 0 2 0 1 0 2 2 0 0 3 2 3 0 1 0 2 3 3 1 3 2 1 2 1
 1 1 0 3 0 2 0 0 2 3 0 3 0 2 1 2 3 1 1 2 3 2 0 0 3 3 2 2 1 3 0 1 3 0 2 3 1
 0 2 2 3 3 3 1 1 0 3 0 0 3 3 2 3 0 2 3 1 2 0 2 0 0 2 3 3 0 1 2 0 1 2 3 0 1
 2 2 2 3 3 0 2 3 1 0 1 3 3 1 1 1 2 2 2 3 1 0 1 1 0 1 0 1 2 1 0 0 0 0 2 3 0
 0 0 1 2 2 3 2 0 3 2 2 1 1 1 2 1 1 3 0 0 0 0 0 3 3 3 3 2 3 3 1 2 2 0 3 3 0
 3 0 2 3 1 0 2 2 2 1 3 3 2 2 1 3 1 0 3 3 0 2 2 3 2 1 0 1 1 1 2 0 1 3 1 1 3
 1 2 0 1 3 1 1 1 1 1 1 3 1 3 3 0 3 2 1 0 1 0 0 3]",0.3776166320765343,16,❌ Low accuracy
fis,fi_tsfresh,AdaBoostClassifier,0.4602272727272727,0.4444444444444444,0.295610109492647,0.318698347107438,0.29171075837742505,1.344409817905536,1.3514251112563271,0.04983108108108103,0.015782828282828287,"AdaBoostClassifier(learning_rate=0.1, n_estimators=200)",StandardScaler(),"{'n_estimators': 200, 'learning_rate': 0.1}","[3 1 2 0 1 1 0 1 2 0 0 1 3 0 1 0 0 2 1 1 1 0 1 0 1 2 2 1 0 2 1 1 1 3 0 0 0
 1 2 1 0 3 3 1 1]","[1 1 1 1 1 1 1 1 1 1 1 1 1 1 1 1 1 1 1 1 1 1 1 1 1 1 1 1 1 1 1 1 1 1 1 1 1
 1 1 1 1 1 3 1 1]","[[-0.39044169 -0.21561947  0.04073268 ... -0.34676146 -0.23214697
  -0.4163332 ]
 [-0.40593884 -0.33490663 -0.3648235  ... -0.31691826 -0.23214697
  -0.4163332 ]
 [-0.30864304 -0.24143573 -0.36418787 ... -0.17607033 -0.23214697
  -0.4163332 ]
 ...
 [-0.9823262  -1.28003002 -1.34440397 ... -1.23715388 -0.23214697
  -0.4163332 ]
 [-0.13442321  0.05322165  0.15937397 ... -0.00214485 -0.23214697
  -0.4163332 ]
 [ 2.12415994  1.987131    1.9409692  ...  1.99622415 -0.23214697
  -0.4163332 ]]","[0 0 0 1 1 0 3 2 1 1 1 1 0 3 1 1 1 0 2 2 1 1 0 1 3 2 0 1 1 0 0 0 1 2 0 1 1
 1 0 0 3 1 2 1 0 0 1 2 1 0 2 1 1 1 2 1 1 0 3 0 0 1 3 0 1 0 1 1 0 0 1 1 3 1
 0 1 3 1 0 1 1 0 2 0 0 1 1 1 2 1 0 1 2 0 0 3 0 0 1 3 1 1 0 1 1 0 2 1 2 1 0
 2 0 1 1 3 1 1 2 3 0 1 2 1 3 3 0 1 0 2 2 0 0 0 3 0 1 1 1 2 0 1 0 0 1 1 1 0
 1 0 1 2 2 1 2 2 0 1 1 1 1 2 2 1 1 1 0 0 2 1 1 3 3 3 0 1]",0.35949142824047553,17,❌ Low accuracy
fis,fi_tsfresh,KNeighborsClassifier,0.5113636363636364,0.4444444444444444,0.3840827773251886,0.4755432777449823,0.39946293762983226,1.001503535687971,2.6817262170602425,0.12383177570093451,0.06691919191919193,"KNeighborsClassifier(metric='manhattan', n_neighbors=11)",StandardScaler(),"{'weights': 'uniform', 'n_neighbors': 11, 'metric': 'manhattan'}","[3 1 2 0 1 1 0 1 2 0 0 1 3 0 1 0 0 2 1 1 1 0 1 0 1 2 2 1 0 2 1 1 1 3 0 0 0
 1 2 1 0 3 3 1 1]","[1 1 0 0 0 1 0 0 1 1 1 0 0 1 0 0 0 1 1 0 1 0 1 1 0 1 1 1 0 1 1 0 0 1 0 0 1
 1 0 1 1 0 3 1 1]","[[-0.39044169 -0.21561947  0.04073268 ... -0.34676146 -0.23214697
  -0.4163332 ]
 [-0.40593884 -0.33490663 -0.3648235  ... -0.31691826 -0.23214697
  -0.4163332 ]
 [-0.30864304 -0.24143573 -0.36418787 ... -0.17607033 -0.23214697
  -0.4163332 ]
 ...
 [-0.9823262  -1.28003002 -1.34440397 ... -1.23715388 -0.23214697
  -0.4163332 ]
 [-0.13442321  0.05322165  0.15937397 ... -0.00214485 -0.23214697
  -0.4163332 ]
 [ 2.12415994  1.987131    1.9409692  ...  1.99622415 -0.23214697
  -0.4163332 ]]","[0 0 0 1 1 0 3 2 1 1 1 1 0 3 1 1 1 0 2 2 1 1 0 1 3 2 0 1 1 0 0 0 1 2 0 1 1
 1 0 0 3 1 2 1 0 0 1 2 1 0 2 1 1 1 2 1 1 0 3 0 0 1 3 0 1 0 1 1 0 0 1 1 3 1
 0 1 3 1 0 1 1 0 2 0 0 1 1 1 2 1 0 1 2 0 0 3 0 0 1 3 1 1 0 1 1 0 2 1 2 1 0
 2 0 1 1 3 1 1 2 3 0 1 2 1 3 3 0 1 0 2 2 0 0 0 3 0 1 1 1 2 0 1 0 0 1 1 1 0
 1 0 1 2 2 1 2 2 0 1 1 1 1 2 2 1 1 1 0 0 2 1 1 3 3 3 0 1]",0.326165019693105,18,❌ Low accuracy
